grid,gird Longitude,grid Longitude,Venue,Venue Latitude,Venue Longitude,Venue Category
"0,0",48.88590573,2.22638995,Pizza Naim,48.88575253,2.227217122,Fast Food Restaurant
"0,0",48.88590573,2.22638995,Pizza Naim,48.88575253,2.227217122,Halal Restaurant
"0,0",48.88590573,2.22638995,Le Relais des Bergères,48.88537185,2.225900888,French Restaurant
"0,0",48.88590573,2.22638995,Rond-point des Bergères,48.88510073,2.227166891,Plaza
"1,0",48.88590573,2.22780185,Square president wilson,48.88568535,2.228045277,Park
"1,0",48.88590573,2.22780185,Pizza Naim,48.88575253,2.227217122,Fast Food Restaurant
"1,0",48.88590573,2.22780185,Pizza Naim,48.88575253,2.227217122,Halal Restaurant
"1,0",48.88590573,2.22780185,Rond-point des Bergères,48.88510073,2.227166891,Plaza
"1,0",48.88590573,2.22780185,BNP Paribas,48.8852506,2.227883842,Bank
"2,0",48.88590573,2.22921375,Square president wilson,48.88568535,2.228045277,Park
"5,0",48.88590573,2.23344945,L'Escargot 1903,48.88543655,2.234567776,Gastropub
"5,0",48.88590573,2.23344945,L'Escargot 1903,48.88543655,2.234567776,Brasserie
"6,0",48.88590573,2.23486135,L'Escargot 1903,48.88543655,2.234567776,Gastropub
"6,0",48.88590573,2.23486135,L'Escargot 1903,48.88543655,2.234567776,Brasserie
"11,0",48.88590573,2.24192085,Le Petit Thai,48.88513214,2.242721876,Thai Restaurant
"11,0",48.88590573,2.24192085,Les petites fermes,48.88590296,2.243182961,French Restaurant
"12,0",48.88590573,2.24333275,Les petites fermes,48.88590296,2.243182961,French Restaurant
"12,0",48.88590573,2.24333275,Le Petit Thai,48.88513214,2.242721876,Thai Restaurant
"12,0",48.88590573,2.24333275,Resunga,48.88639883,2.244429588,Indian Restaurant
"12,0",48.88590573,2.24333275,Caffe Chic,48.885069,2.244332,Café
"12,0",48.88590573,2.24333275,Caffe Chic,48.885069,2.244332,French Restaurant
"13,0",48.88590573,2.24474465,Les Fromentiers,48.88601161,2.245834647,Bakery
"13,0",48.88590573,2.24474465,Resunga,48.88639883,2.244429588,Indian Restaurant
"13,0",48.88590573,2.24474465,Jean Louis David,48.88619193,2.245554775,Hair Salon
"13,0",48.88590573,2.24474465,Caffe Chic,48.885069,2.244332,Café
"13,0",48.88590573,2.24474465,Caffe Chic,48.885069,2.244332,French Restaurant
"14,0",48.88590573,2.24615655,Les Fromentiers,48.88601161,2.245834647,Bakery
"14,0",48.88590573,2.24615655,Jean Louis David,48.88619193,2.245554775,Hair Salon
"17,0",48.88590573,2.25039225,Brasserie le Paris Défense,48.88602493,2.250990272,French Restaurant
"18,0",48.88590573,2.25180415,Brasserie le Paris Défense,48.88602493,2.250990272,French Restaurant
"4,1",48.88684119,2.23203755,Sushi Times,48.88690658,2.232457548,Japanese Restaurant
"5,1",48.88684119,2.23344945,Le Wilson,48.88706702,2.233861462,Bar
"5,1",48.88684119,2.23344945,Sushi Times,48.88690658,2.232457548,Japanese Restaurant
"6,1",48.88684119,2.23486135,Le Wilson,48.88706702,2.233861462,Bar
"7,1",48.88684119,2.23627325,Terrain de Basket Puteaux,48.88704606,2.236645916,Basketball Court
"8,1",48.88684119,2.23768515,Terrain de Basket Puteaux,48.88704606,2.236645916,Basketball Court
"12,1",48.88684119,2.24333275,Resunga,48.88639883,2.244429588,Indian Restaurant
"13,1",48.88684119,2.24474465,Resunga,48.88639883,2.244429588,Indian Restaurant
"13,1",48.88684119,2.24474465,Les Fromentiers,48.88601161,2.245834647,Bakery
"13,1",48.88684119,2.24474465,Jean Louis David,48.88619193,2.245554775,Hair Salon
"14,1",48.88684119,2.24615655,Les Fromentiers,48.88601161,2.245834647,Bakery
"14,1",48.88684119,2.24615655,Jean Louis David,48.88619193,2.245554775,Hair Salon
"14,1",48.88684119,2.24615655,Passerelle des Vignes,48.88733287,2.247093022,Bridge
"15,1",48.88684119,2.24756845,Passerelle des Vignes,48.88733287,2.247093022,Bridge
"15,1",48.88684119,2.24756845,Passerelle de l'Orme,48.88705316,2.248849869,Bridge
"16,1",48.88684119,2.24898035,Passerelle de l'Orme,48.88705316,2.248849869,Bridge
"17,1",48.88684119,2.25039225,Terrasse Bellini,48.88703513,2.251313152,Plaza
"17,1",48.88684119,2.25039225,Brasserie le Paris Défense,48.88602493,2.250990272,French Restaurant
"18,1",48.88684119,2.25180415,Terrasse Bellini,48.88703513,2.251313152,Plaza
"18,1",48.88684119,2.25180415,Brasserie le Paris Défense,48.88602493,2.250990272,French Restaurant
"18,1",48.88684119,2.25180415,Place des Dominos,48.88748317,2.252665992,Plaza
"19,1",48.88684119,2.25321605,Place des Dominos,48.88748317,2.252665992,Plaza
"3,2",48.88777665,2.23062565,Place des Marées,48.88785484,2.231245549,Park
"4,2",48.88777665,2.23203755,Place des Marées,48.88785484,2.231245549,Park
"4,2",48.88777665,2.23203755,Sushi Times,48.88690658,2.232457548,Japanese Restaurant
"5,2",48.88777665,2.23344945,Le Wilson,48.88706702,2.233861462,Bar
"5,2",48.88777665,2.23344945,Sushi Times,48.88690658,2.232457548,Japanese Restaurant
"6,2",48.88777665,2.23486135,Le Wilson,48.88706702,2.233861462,Bar
"7,2",48.88777665,2.23627325,Terrain de Basket Puteaux,48.88704606,2.236645916,Basketball Court
"8,2",48.88777665,2.23768515,Le Forum,48.88861027,2.239037007,Bar
"8,2",48.88777665,2.23768515,Le Forum,48.88861027,2.239037007,Fast Food Restaurant
"8,2",48.88777665,2.23768515,Le Forum,48.88861027,2.239037007,Brasserie
"8,2",48.88777665,2.23768515,Terrain de Basket Puteaux,48.88704606,2.236645916,Basketball Court
"9,2",48.88777665,2.23909705,Le Forum,48.88861027,2.239037007,Bar
"9,2",48.88777665,2.23909705,Le Forum,48.88861027,2.239037007,Fast Food Restaurant
"9,2",48.88777665,2.23909705,Le Forum,48.88861027,2.239037007,Brasserie
"9,2",48.88777665,2.23909705,Katclara,48.88841608,2.238960564,Portuguese Restaurant
"14,2",48.88777665,2.24615655,Cours Michelet,48.8878764,2.247393429,Plaza
"14,2",48.88777665,2.24615655,Les Canailles,48.88832718,2.246578038,French Restaurant
"14,2",48.88777665,2.24615655,Passerelle des Vignes,48.88733287,2.247093022,Bridge
"14,2",48.88777665,2.24615655,L'Italian Lounge at Sofitel Paris la Défense,48.8884927,2.247458738,Bar
"14,2",48.88777665,2.24615655,Starbucks,48.888367,2.247405,Coffee Shop
"14,2",48.88777665,2.24615655,Pasta Bella,48.887853,2.247422,Italian Restaurant
"15,2",48.88777665,2.24756845,Ankka,48.88789,2.247593,Fast Food Restaurant
"15,2",48.88777665,2.24756845,Ankka,48.88789,2.247593,Salad Restaurant
"15,2",48.88777665,2.24756845,Cours Michelet,48.8878764,2.247393429,Plaza
"15,2",48.88777665,2.24756845,Duke Burger House,48.88788146,2.247835867,Bar
"15,2",48.88777665,2.24756845,Duke Burger House,48.88788146,2.247835867,Burger Joint
"15,2",48.88777665,2.24756845,Duke Burger House,48.88788146,2.247835867,Fast Food Restaurant
"15,2",48.88777665,2.24756845,Pasta Bella,48.887853,2.247422,Italian Restaurant
"15,2",48.88777665,2.24756845,Apogé,48.888249,2.248301,Wine Store
"15,2",48.88777665,2.24756845,Pizzeria Andréa,48.88792264,2.24819541,Italian Restaurant
"15,2",48.88777665,2.24756845,Starbucks,48.888367,2.247405,Coffee Shop
"15,2",48.88777665,2.24756845,L'Italian Lounge at Sofitel Paris la Défense,48.8884927,2.247458738,Bar
"15,2",48.88777665,2.24756845,Story Place,48.887861,2.24829,Bar
"15,2",48.88777665,2.24756845,Story Place,48.887861,2.24829,Coffee Shop
"15,2",48.88777665,2.24756845,Story Place,48.887861,2.24829,French Restaurant
"15,2",48.88777665,2.24756845,Ma Bento,48.88843762,2.247739434,Fast Food Restaurant
"15,2",48.88777665,2.24756845,Ma Bento,48.88843762,2.247739434,Japanese Restaurant
"15,2",48.88777665,2.24756845,Esplanade du Général de Gaulle,48.88860693,2.248034477,Pedestrian Plaza
"15,2",48.88777665,2.24756845,Passerelle des Vignes,48.88733287,2.247093022,Bridge
"15,2",48.88777665,2.24756845,La Tavola at Sofitel Paris la Défense,48.88831064,2.247691154,Restaurant
"15,2",48.88777665,2.24756845,Pico,48.88845494,2.247789843,Diner
"15,2",48.88777665,2.24756845,Pico,48.88845494,2.247789843,Fast Food Restaurant
"15,2",48.88777665,2.24756845,Pico,48.88845494,2.247789843,Lebanese Restaurant
"15,2",48.88777665,2.24756845,Les Canailles,48.88832718,2.246578038,French Restaurant
"15,2",48.88777665,2.24756845,Passerelle de l'Orme,48.88705316,2.248849869,Bridge
"16,2",48.88777665,2.24898035,Apogé,48.888249,2.248301,Wine Store
"16,2",48.88777665,2.24898035,Story Place,48.887861,2.24829,Bar
"16,2",48.88777665,2.24898035,Story Place,48.887861,2.24829,Coffee Shop
"16,2",48.88777665,2.24898035,Story Place,48.887861,2.24829,French Restaurant
"16,2",48.88777665,2.24898035,Bassin Takis,48.88797203,2.25030899,Fountain
"16,2",48.88777665,2.24898035,Pizzeria Andréa,48.88792264,2.24819541,Italian Restaurant
"16,2",48.88777665,2.24898035,Esplanade du Général de Gaulle,48.88860693,2.248034477,Pedestrian Plaza
"16,2",48.88777665,2.24898035,Ankka,48.88789,2.247593,Fast Food Restaurant
"16,2",48.88777665,2.24898035,Ankka,48.88789,2.247593,Salad Restaurant
"16,2",48.88777665,2.24898035,Passerelle de l'Orme,48.88705316,2.248849869,Bridge
"16,2",48.88777665,2.24898035,Les Hommes de la Cité,48.88851733,2.24962558,Sculpture Garden
"16,2",48.88777665,2.24898035,La Tavola at Sofitel Paris la Défense,48.88831064,2.247691154,Restaurant
"17,2",48.88777665,2.25039225,Bassin Takis,48.88797203,2.25030899,Fountain
"17,2",48.88777665,2.25039225,Nodd Bar,48.88802846,2.250850797,Bar
"17,2",48.88777665,2.25039225,Skyline Bar & Lounge,48.88841646,2.25058794,Hotel Bar
"17,2",48.88777665,2.25039225,Meliá The Place,48.88848136,2.250406891,Lounge
"17,2",48.88777665,2.25039225,Meliá The Place,48.88848136,2.250406891,Restaurant
"17,2",48.88777665,2.25039225,Terrasse Bellini,48.88703513,2.251313152,Plaza
"17,2",48.88777665,2.25039225,Les Hommes de la Cité,48.88851733,2.24962558,Sculpture Garden
"18,2",48.88777665,2.25180415,Terrasse Bellini,48.88703513,2.251313152,Plaza
"18,2",48.88777665,2.25180415,Petit-déjeuner @ Fraser Suites,48.888076,2.252474,Breakfast Spot
"18,2",48.88777665,2.25180415,Place des Dominos,48.88748317,2.252665992,Plaza
"18,2",48.88777665,2.25180415,ibis Breakfast Room (Petit Déjeuner @ Hôtel ibis Paris La Défense Centre),48.88830712,2.252460122,Breakfast Spot
"18,2",48.88777665,2.25180415,Nodd Bar,48.88802846,2.250850797,Bar
"18,2",48.88777665,2.25180415,Skyline Bar & Lounge,48.88841646,2.25058794,Hotel Bar
"18,2",48.88777665,2.25180415,Restaurant de l'Hôtel Novotel Paris la Défense,48.888035,2.253011,Modern European Restaurant
"18,2",48.88777665,2.25180415,Meliá The Place,48.88848136,2.250406891,Lounge
"18,2",48.88777665,2.25180415,Meliá The Place,48.88848136,2.250406891,Restaurant
"18,2",48.88777665,2.25180415,Square Vivaldi,48.888575,2.252692,Park
"19,2",48.88777665,2.25321605,Restaurant de l'Hôtel Novotel Paris la Défense,48.888035,2.253011,Modern European Restaurant
"19,2",48.88777665,2.25321605,Place des Dominos,48.88748317,2.252665992,Plaza
"19,2",48.88777665,2.25321605,Petit-déjeuner @ Fraser Suites,48.888076,2.252474,Breakfast Spot
"19,2",48.88777665,2.25321605,ibis Breakfast Room (Petit Déjeuner @ Hôtel ibis Paris La Défense Centre),48.88830712,2.252460122,Breakfast Spot
"19,2",48.88777665,2.25321605,Square Vivaldi,48.888575,2.252692,Park
"3,3",48.88871212,2.23062565,Aux Delices de Puteaux,48.8891323,2.231247872,Moroccan Restaurant
"3,3",48.88871212,2.23062565,Al Siwan,48.88887853,2.231777608,Lebanese Restaurant
"3,3",48.88871212,2.23062565,Place des Marées,48.88785484,2.231245549,Park
"4,3",48.88871212,2.23203755,Al Siwan,48.88887853,2.231777608,Lebanese Restaurant
"4,3",48.88871212,2.23203755,Aux Delices de Puteaux,48.8891323,2.231247872,Moroccan Restaurant
"4,3",48.88871212,2.23203755,Place des Marées,48.88785484,2.231245549,Park
"8,3",48.88871212,2.23768515,Le Forum,48.88861027,2.239037007,Bar
"8,3",48.88871212,2.23768515,Le Forum,48.88861027,2.239037007,Fast Food Restaurant
"8,3",48.88871212,2.23768515,Le Forum,48.88861027,2.239037007,Brasserie
"9,3",48.88871212,2.23909705,Le Forum,48.88861027,2.239037007,Bar
"9,3",48.88871212,2.23909705,Le Forum,48.88861027,2.239037007,Fast Food Restaurant
"9,3",48.88871212,2.23909705,Le Forum,48.88861027,2.239037007,Brasserie
"9,3",48.88871212,2.23909705,Katclara,48.88841608,2.238960564,Portuguese Restaurant
"11,3",48.88871212,2.24192085,Place de la Pyramide,48.88933916,2.242817581,Plaza
"12,3",48.88871212,2.24333275,Place de la Pyramide,48.88933916,2.242817581,Plaza
"12,3",48.88871212,2.24333275,EXKi,48.88932436,2.243983001,Sandwich Restaurant
"13,3",48.88871212,2.24474465,EXKi,48.88932436,2.243983001,Sandwich Restaurant
"14,3",48.88871212,2.24615655,Les Canailles,48.88832718,2.246578038,French Restaurant
"14,3",48.88871212,2.24615655,L'Italian Lounge at Sofitel Paris la Défense,48.8884927,2.247458738,Bar
"14,3",48.88871212,2.24615655,Starbucks,48.888367,2.247405,Coffee Shop
"14,3",48.88871212,2.24615655,Cours Michelet,48.8878764,2.247393429,Plaza
"14,3",48.88871212,2.24615655,Pasta Bella,48.887853,2.247422,Italian Restaurant
"15,3",48.88871212,2.24756845,L'Italian Lounge at Sofitel Paris la Défense,48.8884927,2.247458738,Bar
"15,3",48.88871212,2.24756845,Esplanade du Général de Gaulle,48.88860693,2.248034477,Pedestrian Plaza
"15,3",48.88871212,2.24756845,Ma Bento,48.88843762,2.247739434,Fast Food Restaurant
"15,3",48.88871212,2.24756845,Ma Bento,48.88843762,2.247739434,Japanese Restaurant
"15,3",48.88871212,2.24756845,Starbucks,48.888367,2.247405,Coffee Shop
"15,3",48.88871212,2.24756845,Pico,48.88845494,2.247789843,Diner
"15,3",48.88871212,2.24756845,Pico,48.88845494,2.247789843,Fast Food Restaurant
"15,3",48.88871212,2.24756845,Pico,48.88845494,2.247789843,Lebanese Restaurant
"15,3",48.88871212,2.24756845,Apogé,48.888249,2.248301,Wine Store
"15,3",48.88871212,2.24756845,Le Moretti,48.88905577,2.247850746,Public Art
"15,3",48.88871212,2.24756845,La Tavola at Sofitel Paris la Défense,48.88831064,2.247691154,Restaurant
"15,3",48.88871212,2.24756845,Ankka,48.88789,2.247593,Fast Food Restaurant
"15,3",48.88871212,2.24756845,Ankka,48.88789,2.247593,Salad Restaurant
"15,3",48.88871212,2.24756845,Cours Michelet,48.8878764,2.247393429,Plaza
"15,3",48.88871212,2.24756845,Duke Burger House,48.88788146,2.247835867,Bar
"15,3",48.88871212,2.24756845,Duke Burger House,48.88788146,2.247835867,Burger Joint
"15,3",48.88871212,2.24756845,Duke Burger House,48.88788146,2.247835867,Fast Food Restaurant
"15,3",48.88871212,2.24756845,Place de l'Iris,48.8893621,2.248528944,Plaza
"15,3",48.88871212,2.24756845,Les Canailles,48.88832718,2.246578038,French Restaurant
"15,3",48.88871212,2.24756845,Pasta Bella,48.887853,2.247422,Italian Restaurant
"15,3",48.88871212,2.24756845,Pizzeria Andréa,48.88792264,2.24819541,Italian Restaurant
"15,3",48.88871212,2.24756845,Story Place,48.887861,2.24829,Bar
"15,3",48.88871212,2.24756845,Story Place,48.887861,2.24829,Coffee Shop
"15,3",48.88871212,2.24756845,Story Place,48.887861,2.24829,French Restaurant
"16,3",48.88871212,2.24898035,Apogé,48.888249,2.248301,Wine Store
"16,3",48.88871212,2.24898035,Esplanade du Général de Gaulle,48.88860693,2.248034477,Pedestrian Plaza
"16,3",48.88871212,2.24898035,Les Hommes de la Cité,48.88851733,2.24962558,Sculpture Garden
"16,3",48.88871212,2.24898035,Place de l'Iris,48.8893621,2.248528944,Plaza
"16,3",48.88871212,2.24898035,Bassin Takis,48.88797203,2.25030899,Fountain
"16,3",48.88871212,2.24898035,Le Moretti,48.88905577,2.247850746,Public Art
"16,3",48.88871212,2.24898035,Ankka,48.88789,2.247593,Fast Food Restaurant
"16,3",48.88871212,2.24898035,Ankka,48.88789,2.247593,Salad Restaurant
"16,3",48.88871212,2.24898035,Story Place,48.887861,2.24829,Bar
"16,3",48.88871212,2.24898035,Story Place,48.887861,2.24829,Coffee Shop
"16,3",48.88871212,2.24898035,Story Place,48.887861,2.24829,French Restaurant
"16,3",48.88871212,2.24898035,La Tavola at Sofitel Paris la Défense,48.88831064,2.247691154,Restaurant
"16,3",48.88871212,2.24898035,Pizzeria Andréa,48.88792264,2.24819541,Italian Restaurant
"17,3",48.88871212,2.25039225,Meliá The Place,48.88848136,2.250406891,Lounge
"17,3",48.88871212,2.25039225,Meliá The Place,48.88848136,2.250406891,Restaurant
"17,3",48.88871212,2.25039225,Skyline Bar & Lounge,48.88841646,2.25058794,Hotel Bar
"17,3",48.88871212,2.25039225,Bassin Takis,48.88797203,2.25030899,Fountain
"17,3",48.88871212,2.25039225,Les Hommes de la Cité,48.88851733,2.24962558,Sculpture Garden
"17,3",48.88871212,2.25039225,Starbucks,48.88878748,2.251585722,Coffee Shop
"17,3",48.88871212,2.25039225,Nodd Bar,48.88802846,2.250850797,Bar
"18,3",48.88871212,2.25180415,Starbucks,48.88878748,2.251585722,Coffee Shop
"18,3",48.88871212,2.25180415,Place des Saisons,48.88934059,2.252132893,Plaza
"18,3",48.88871212,2.25180415,Skyline Bar & Lounge,48.88841646,2.25058794,Hotel Bar
"18,3",48.88871212,2.25180415,ibis Breakfast Room (Petit Déjeuner @ Hôtel ibis Paris La Défense Centre),48.88830712,2.252460122,Breakfast Spot
"18,3",48.88871212,2.25180415,Square Vivaldi,48.888575,2.252692,Park
"18,3",48.88871212,2.25180415,Meliá The Place,48.88848136,2.250406891,Lounge
"18,3",48.88871212,2.25180415,Meliá The Place,48.88848136,2.250406891,Restaurant
"18,3",48.88871212,2.25180415,Petit-déjeuner @ Fraser Suites,48.888076,2.252474,Breakfast Spot
"18,3",48.88871212,2.25180415,Nodd Bar,48.88802846,2.250850797,Bar
"18,3",48.88871212,2.25180415,Bistro d'Édouard,48.88956618,2.252402045,French Restaurant
"18,3",48.88871212,2.25180415,Restaurant de l'Hôtel Novotel Paris la Défense,48.888035,2.253011,Modern European Restaurant
"19,3",48.88871212,2.25321605,Square Vivaldi,48.888575,2.252692,Park
"19,3",48.88871212,2.25321605,ibis Breakfast Room (Petit Déjeuner @ Hôtel ibis Paris La Défense Centre),48.88830712,2.252460122,Breakfast Spot
"19,3",48.88871212,2.25321605,Restaurant de l'Hôtel Novotel Paris la Défense,48.888035,2.253011,Modern European Restaurant
"19,3",48.88871212,2.25321605,Place des Saisons,48.88934059,2.252132893,Plaza
"19,3",48.88871212,2.25321605,Petit-déjeuner @ Fraser Suites,48.888076,2.252474,Breakfast Spot
"19,3",48.88871212,2.25321605,Bistro d'Édouard,48.88956618,2.252402045,French Restaurant
"0,4",48.88964758,2.22638995,Mayanne Evenementiel,48.8904719,2.22770034,Miscellaneous Store
"1,4",48.88964758,2.22780185,Mayanne Evenementiel,48.8904719,2.22770034,Miscellaneous Store
"3,4",48.88964758,2.23062565,Aux Delices de Puteaux,48.8891323,2.231247872,Moroccan Restaurant
"3,4",48.88964758,2.23062565,Al Siwan,48.88887853,2.231777608,Lebanese Restaurant
"4,4",48.88964758,2.23203755,Aux Delices de Puteaux,48.8891323,2.231247872,Moroccan Restaurant
"4,4",48.88964758,2.23203755,Al Siwan,48.88887853,2.231777608,Lebanese Restaurant
"6,4",48.88964758,2.23486135,Le Ferney,48.8898544,2.23561228,French Restaurant
"7,4",48.88964758,2.23627325,Le Ferney,48.8898544,2.23561228,French Restaurant
"8,4",48.88964758,2.23768515,H&M,48.89049293,2.238676035,Clothing Store
"9,4",48.88964758,2.23909705,Pull&Bear,48.89027771,2.240371406,Clothing Store
"9,4",48.88964758,2.23909705,H&M,48.89049293,2.238676035,Clothing Store
"10,4",48.88964758,2.24050895,Pull&Bear,48.89027771,2.240371406,Clothing Store
"11,4",48.88964758,2.24192085,Place de la Pyramide,48.88933916,2.242817581,Plaza
"11,4",48.88964758,2.24192085,Fontaine Agam,48.8903811,2.24270761,Fountain
"12,4",48.88964758,2.24333275,Place de la Pyramide,48.88933916,2.242817581,Plaza
"12,4",48.88964758,2.24333275,IT Trattoria,48.889989,2.243485,Italian Restaurant
"12,4",48.88964758,2.24333275,EXKi,48.88932436,2.243983001,Sandwich Restaurant
"12,4",48.88964758,2.24333275,Fontaine Agam,48.8903811,2.24270761,Fountain
"13,4",48.88964758,2.24474465,Square des Corolles,48.89002486,2.245180607,Plaza
"13,4",48.88964758,2.24474465,Le Mond,48.89013773,2.24491775,Bar
"13,4",48.88964758,2.24474465,Le Mond,48.89013773,2.24491775,French Restaurant
"13,4",48.88964758,2.24474465,EXKi,48.88932436,2.243983001,Sandwich Restaurant
"13,4",48.88964758,2.24474465,IT Trattoria,48.889989,2.243485,Italian Restaurant
"14,4",48.88964758,2.24615655,Square des Corolles,48.89002486,2.245180607,Plaza
"14,4",48.88964758,2.24615655,Place des Reflets,48.89015112,2.246964276,Plaza
"14,4",48.88964758,2.24615655,El Karim,48.88981711,2.247172642,Fast Food Restaurant
"14,4",48.88964758,2.24615655,El Karim,48.88981711,2.247172642,Moroccan Restaurant
"14,4",48.88964758,2.24615655,Le Mond,48.89013773,2.24491775,Bar
"14,4",48.88964758,2.24615655,Le Mond,48.89013773,2.24491775,French Restaurant
"15,4",48.88964758,2.24756845,Pause,48.8896945,2.247621989,Fast Food Restaurant
"15,4",48.88964758,2.24756845,Pause,48.8896945,2.247621989,Salad Restaurant
"15,4",48.88964758,2.24756845,El Karim,48.88981711,2.247172642,Fast Food Restaurant
"15,4",48.88964758,2.24756845,El Karim,48.88981711,2.247172642,Moroccan Restaurant
"15,4",48.88964758,2.24756845,Place des Reflets,48.89015112,2.246964276,Plaza
"15,4",48.88964758,2.24756845,Place de l'Iris,48.8893621,2.248528944,Plaza
"15,4",48.88964758,2.24756845,Le Moretti,48.88905577,2.247850746,Public Art
"15,4",48.88964758,2.24756845,Le Ballon d'Alsace,48.89043331,2.24662081,Brasserie
"16,4",48.88964758,2.24898035,Place de l'Iris,48.8893621,2.248528944,Plaza
"16,4",48.88964758,2.24898035,Passerelle d'Alsace,48.890161,2.249223,Bridge
"16,4",48.88964758,2.24898035,Franck Provost (Franck Provost - Coiffeur Courbevoie),48.889706,2.249867,Hair Salon
"16,4",48.88964758,2.24898035,Le Moretti,48.88905577,2.247850746,Public Art
"16,4",48.88964758,2.24898035,Place des Miroirs,48.89037934,2.250390798,Plaza
"17,4",48.88964758,2.25039225,Place des Miroirs,48.89037934,2.250390798,Plaza
"17,4",48.88964758,2.25039225,Passerelle d'Alsace,48.890161,2.249223,Bridge
"17,4",48.88964758,2.25039225,Starbucks,48.88878748,2.251585722,Coffee Shop
"18,4",48.88964758,2.25180415,Place des Saisons,48.88934059,2.252132893,Plaza
"18,4",48.88964758,2.25180415,Le Chill' Sandwich & Coffee,48.88965749,2.252399772,Coffee Shop
"18,4",48.88964758,2.25180415,Le Chill' Sandwich & Coffee,48.88965749,2.252399772,Restaurant
"18,4",48.88964758,2.25180415,Bistro d'Édouard,48.88956618,2.252402045,French Restaurant
"18,4",48.88964758,2.25180415,Dynasty 168,48.89026823,2.252025604,Chinese Restaurant
"18,4",48.88964758,2.25180415,Starbucks,48.88878748,2.251585722,Coffee Shop
"19,4",48.88964758,2.25321605,Le Chill' Sandwich & Coffee,48.88965749,2.252399772,Coffee Shop
"19,4",48.88964758,2.25321605,Le Chill' Sandwich & Coffee,48.88965749,2.252399772,Restaurant
"19,4",48.88964758,2.25321605,Bistro d'Édouard,48.88956618,2.252402045,French Restaurant
"19,4",48.88964758,2.25321605,Place des Saisons,48.88934059,2.252132893,Plaza
"19,4",48.88964758,2.25321605,Dynasty 168,48.89026823,2.252025604,Chinese Restaurant
"0,5",48.89058304,2.22638995,Mayanne Evenementiel,48.8904719,2.22770034,Miscellaneous Store
"1,5",48.89058304,2.22780185,Mayanne Evenementiel,48.8904719,2.22770034,Miscellaneous Store
"2,5",48.89058304,2.22921375,Café Chassagne,48.89135666,2.230053611,Café
"3,5",48.89058304,2.23062565,Café Chassagne,48.89135666,2.230053611,Café
"6,5",48.89058304,2.23486135,UGC Ciné Cité la Défense,48.89113128,2.235508492,Movie Theater
"6,5",48.89058304,2.23486135,Brioche Dorée,48.89098168,2.235785408,Bakery
"6,5",48.89058304,2.23486135,Auchan,48.8912385,2.2350577,Grocery Store / Supermarket
"6,5",48.89058304,2.23486135,Pret à Manger,48.8905024,2.2362235,Bakery
"6,5",48.89058304,2.23486135,Pret à Manger,48.8905024,2.2362235,Fast Food Restaurant
"6,5",48.89058304,2.23486135,Pret à Manger,48.8905024,2.2362235,Sandwich Restaurant
"6,5",48.89058304,2.23486135,Le Ferney,48.8898544,2.23561228,French Restaurant
"7,5",48.89058304,2.23627325,Le Dôme de la Défense,48.89064453,2.236407101,Food Court
"7,5",48.89058304,2.23627325,Pret à Manger,48.8905024,2.2362235,Bakery
"7,5",48.89058304,2.23627325,Pret à Manger,48.8905024,2.2362235,Fast Food Restaurant
"7,5",48.89058304,2.23627325,Pret à Manger,48.8905024,2.2362235,Sandwich Restaurant
"7,5",48.89058304,2.23627325,So Cream,48.891044,2.236358,Frozen Yogurt Shop
"7,5",48.89058304,2.23627325,Brioche Dorée,48.89098168,2.235785408,Bakery
"7,5",48.89058304,2.23627325,Berko,48.89109759,2.236507515,Cupcake Shop
"7,5",48.89058304,2.23627325,Berko,48.89109759,2.236507515,Pastry Shop
"7,5",48.89058304,2.23627325,Berko,48.89109759,2.236507515,Restaurant
"7,5",48.89058304,2.23627325,Bretzel Love,48.89107702,2.23594802,Fast Food Restaurant
"7,5",48.89058304,2.23627325,Bretzel Love,48.89107702,2.23594802,German Restaurant
"7,5",48.89058304,2.23627325,UGC Ciné Cité la Défense,48.89113128,2.235508492,Movie Theater
"7,5",48.89058304,2.23627325,Westfield les 4 Temps,48.89063,2.237493,Retail
"7,5",48.89058304,2.23627325,Vapiano,48.89111698,2.236055526,Italian Restaurant
"7,5",48.89058304,2.23627325,Michael Kors,48.89127134,2.237004775,Clothing Store
"7,5",48.89058304,2.23627325,Franck Provost,48.89024354,2.237370014,Hair Salon
"7,5",48.89058304,2.23627325,Le Ferney,48.8898544,2.23561228,French Restaurant
"7,5",48.89058304,2.23627325,Starbucks,48.891387,2.237348,Coffee Shop
"7,5",48.89058304,2.23627325,Auchan,48.8912385,2.2350577,Grocery Store / Supermarket
"7,5",48.89058304,2.23627325,Chipotle Mexican Grill,48.8913475,2.237639,Mexican Restaurant
"8,5",48.89058304,2.23768515,Westfield les 4 Temps,48.89063,2.237493,Retail
"8,5",48.89058304,2.23768515,Uniqlo,48.89069676,2.237852811,Clothing Store
"8,5",48.89058304,2.23768515,Uniqlo,48.89069676,2.237852811,Women's Store
"8,5",48.89058304,2.23768515,Maisons du Monde,48.89070188,2.238032668,Furniture and Home Store
"8,5",48.89058304,2.23768515,Lush,48.89084687,2.238199573,Cosmetics Store
"8,5",48.89058304,2.23768515,Franck Provost,48.89024354,2.237370014,Hair Salon
"8,5",48.89058304,2.23768515,Apple Store,48.890078,2.2371343,Electronics Store
"8,5",48.89058304,2.23768515,Sephora,48.890427,2.236586,Cosmetics Store
"8,5",48.89058304,2.23768515,Le Dôme de la Défense,48.89064453,2.236407101,Food Court
"8,5",48.89058304,2.23768515,Chipotle Mexican Grill,48.8913475,2.237639,Mexican Restaurant
"8,5",48.89058304,2.23768515,Pepperico,48.890714,2.238587,Burrito Restaurant
"8,5",48.89058304,2.23768515,H&M,48.89049293,2.238676035,Clothing Store
"8,5",48.89058304,2.23768515,Starbucks,48.891387,2.237348,Coffee Shop
"8,5",48.89058304,2.23768515,Michael Kors,48.89127134,2.237004775,Clothing Store
"8,5",48.89058304,2.23768515,So Cream,48.891044,2.236358,Frozen Yogurt Shop
"9,5",48.89058304,2.23909705,H&M,48.89049293,2.238676035,Clothing Store
"9,5",48.89058304,2.23909705,Pepperico,48.890714,2.238587,Burrito Restaurant
"9,5",48.89058304,2.23909705,Lush,48.89084687,2.238199573,Cosmetics Store
"9,5",48.89058304,2.23909705,Nike Store Paris la Defense,48.89076498,2.237944921,Sporting Goods Retail
"9,5",48.89058304,2.23909705,Maisons du Monde,48.89070188,2.238032668,Furniture and Home Store
"9,5",48.89058304,2.23909705,Uniqlo,48.89069676,2.237852811,Clothing Store
"9,5",48.89058304,2.23909705,Uniqlo,48.89069676,2.237852811,Women's Store
"9,5",48.89058304,2.23909705,Pull&Bear,48.89027771,2.240371406,Clothing Store
"10,5",48.89058304,2.24050895,Pull&Bear,48.89027771,2.240371406,Clothing Store
"10,5",48.89058304,2.24050895,L'Araignée Rouge de Alexander Calder,48.89131859,2.24167496,Public Art
"11,5",48.89058304,2.24192085,Place de la Défense,48.89052571,2.242155075,Plaza
"11,5",48.89058304,2.24192085,Fontaine Agam,48.8903811,2.24270761,Fountain
"11,5",48.89058304,2.24192085,L'Araignée Rouge de Alexander Calder,48.89131859,2.24167496,Public Art
"12,5",48.89058304,2.24333275,Starbucks Coffee Coeur Défense,48.89064351,2.243591398,Coffee Shop
"12,5",48.89058304,2.24333275,Starbucks Coffee Coeur Défense,48.89064351,2.243591398,Fast Food Restaurant
"12,5",48.89058304,2.24333275,Fontaine Agam,48.8903811,2.24270761,Fountain
"12,5",48.89058304,2.24333275,Place de la Défense,48.89052571,2.242155075,Plaza
"12,5",48.89058304,2.24333275,IT Trattoria,48.889989,2.243485,Italian Restaurant
"13,5",48.89058304,2.24474465,Le Mond,48.89013773,2.24491775,Bar
"13,5",48.89058304,2.24474465,Le Mond,48.89013773,2.24491775,French Restaurant
"13,5",48.89058304,2.24474465,Square des Corolles,48.89002486,2.245180607,Plaza
"13,5",48.89058304,2.24474465,Starbucks Coffee Coeur Défense,48.89064351,2.243591398,Coffee Shop
"13,5",48.89058304,2.24474465,Starbucks Coffee Coeur Défense,48.89064351,2.243591398,Fast Food Restaurant
"13,5",48.89058304,2.24474465,IT Trattoria,48.889989,2.243485,Italian Restaurant
"14,5",48.89058304,2.24615655,Place des Reflets,48.89015112,2.246964276,Plaza
"14,5",48.89058304,2.24615655,Square des Corolles,48.89002486,2.245180607,Plaza
"14,5",48.89058304,2.24615655,Le Mond,48.89013773,2.24491775,Bar
"14,5",48.89058304,2.24615655,Le Mond,48.89013773,2.24491775,French Restaurant
"14,5",48.89058304,2.24615655,El Karim,48.88981711,2.247172642,Fast Food Restaurant
"14,5",48.89058304,2.24615655,El Karim,48.88981711,2.247172642,Moroccan Restaurant
"15,5",48.89058304,2.24756845,Place des Reflets,48.89015112,2.246964276,Plaza
"15,5",48.89058304,2.24756845,Pause,48.8896945,2.247621989,Fast Food Restaurant
"15,5",48.89058304,2.24756845,Pause,48.8896945,2.247621989,Salad Restaurant
"15,5",48.89058304,2.24756845,El Karim,48.88981711,2.247172642,Fast Food Restaurant
"15,5",48.89058304,2.24756845,El Karim,48.88981711,2.247172642,Moroccan Restaurant
"16,5",48.89058304,2.24898035,Passerelle d'Alsace,48.890161,2.249223,Bridge
"16,5",48.89058304,2.24898035,Place des Miroirs,48.89037934,2.250390798,Plaza
"17,5",48.89058304,2.25039225,Place des Miroirs,48.89037934,2.250390798,Plaza
"17,5",48.89058304,2.25039225,Passerelle Louis Blanc,48.89060334,2.251019776,Bridge
"17,5",48.89058304,2.25039225,Passerelle d'Alsace,48.890161,2.249223,Bridge
"18,5",48.89058304,2.25180415,Dynasty 168,48.89026823,2.252025604,Chinese Restaurant
"18,5",48.89058304,2.25180415,Passerelle Louis Blanc,48.89060334,2.251019776,Bridge
"19,5",48.89058304,2.25321605,Dynasty 168,48.89026823,2.252025604,Chinese Restaurant
"1,6",48.8915185,2.22780185,Secret casino,48.89191182,2.227889569,Casino
"2,6",48.8915185,2.22921375,Café Chassagne,48.89135666,2.230053611,Café
"2,6",48.8915185,2.22921375,Express Granite,48.8919216,2.230217363,Salad Restaurant
"2,6",48.8915185,2.22921375,Secret casino,48.89191182,2.227889569,Casino
"3,6",48.8915185,2.23062565,Café Chassagne,48.89135666,2.230053611,Café
"3,6",48.8915185,2.23062565,Express Granite,48.8919216,2.230217363,Salad Restaurant
"3,6",48.8915185,2.23062565,Bert's,48.89204506,2.231049692,Restaurant
"4,6",48.8915185,2.23203755,Cours Valmy,48.89217637,2.232284546,Plaza
"4,6",48.8915185,2.23203755,Bert's,48.89204506,2.231049692,Restaurant
"5,6",48.8915185,2.23344945,Cours Valmy,48.89217637,2.232284546,Plaza
"5,6",48.8915185,2.23344945,EXKi,48.89206155,2.234673053,Sandwich Restaurant
"5,6",48.8915185,2.23344945,EXKi,48.89206155,2.234673053,Salad Restaurant
"6,6",48.8915185,2.23486135,Auchan,48.8912385,2.2350577,Grocery Store / Supermarket
"6,6",48.8915185,2.23486135,Scoozi,48.8919291,2.235157192,Fast Food Restaurant
"6,6",48.8915185,2.23486135,UGC Ciné Cité la Défense,48.89113128,2.235508492,Movie Theater
"6,6",48.8915185,2.23486135,Søstrene Grene,48.89164203,2.236050661,Furniture and Home Store
"6,6",48.8915185,2.23486135,EXKi,48.89206155,2.234673053,Sandwich Restaurant
"6,6",48.8915185,2.23486135,EXKi,48.89206155,2.234673053,Salad Restaurant
"6,6",48.8915185,2.23486135,Brioche Dorée,48.89098168,2.235785408,Bakery
"7,6",48.8915185,2.23627325,Søstrene Grene,48.89164203,2.236050661,Furniture and Home Store
"7,6",48.8915185,2.23627325,Berko,48.89109759,2.236507515,Cupcake Shop
"7,6",48.8915185,2.23627325,Berko,48.89109759,2.236507515,Pastry Shop
"7,6",48.8915185,2.23627325,Berko,48.89109759,2.236507515,Restaurant
"7,6",48.8915185,2.23627325,So Cream,48.891044,2.236358,Frozen Yogurt Shop
"7,6",48.8915185,2.23627325,UGC Ciné Cité la Défense,48.89113128,2.235508492,Movie Theater
"7,6",48.8915185,2.23627325,Bretzel Love,48.89107702,2.23594802,Fast Food Restaurant
"7,6",48.8915185,2.23627325,Bretzel Love,48.89107702,2.23594802,German Restaurant
"7,6",48.8915185,2.23627325,Vapiano,48.89111698,2.236055526,Italian Restaurant
"7,6",48.8915185,2.23627325,Michael Kors,48.89127134,2.237004775,Clothing Store
"7,6",48.8915185,2.23627325,Brioche Dorée,48.89098168,2.235785408,Bakery
"7,6",48.8915185,2.23627325,Starbucks,48.891387,2.237348,Coffee Shop
"7,6",48.8915185,2.23627325,La Promenade (Toit de la Grande Arche de la Défense),48.892415,2.236288,Roof Deck
"7,6",48.8915185,2.23627325,Le Dôme de la Défense,48.89064453,2.236407101,Food Court
"7,6",48.8915185,2.23627325,Chipotle Mexican Grill,48.8913475,2.237639,Mexican Restaurant
"7,6",48.8915185,2.23627325,Auchan,48.8912385,2.2350577,Grocery Store / Supermarket
"7,6",48.8915185,2.23627325,Westfield les 4 Temps,48.89063,2.237493,Retail
"8,6",48.8915185,2.23768515,Chipotle Mexican Grill,48.8913475,2.237639,Mexican Restaurant
"8,6",48.8915185,2.23768515,Pret A Manger,48.89158383,2.238078117,Sandwich Restaurant
"8,6",48.8915185,2.23768515,Starbucks,48.891387,2.237348,Coffee Shop
"8,6",48.8915185,2.23768515,Marks & Spencer Food,48.89163313,2.238522295,Retail
"8,6",48.8915185,2.23768515,Michael Kors,48.89127134,2.237004775,Clothing Store
"8,6",48.8915185,2.23768515,Parvis de la Défense,48.8916967,2.238657475,Landmarks and Outdoors
"8,6",48.8915185,2.23768515,Lush,48.89084687,2.238199573,Cosmetics Store
"8,6",48.8915185,2.23768515,Uniqlo,48.89069676,2.237852811,Clothing Store
"8,6",48.8915185,2.23768515,Uniqlo,48.89069676,2.237852811,Women's Store
"8,6",48.8915185,2.23768515,Pharmacie du Rer,48.891796,2.238691,Drugstore
"8,6",48.8915185,2.23768515,Westfield les 4 Temps,48.89063,2.237493,Retail
"8,6",48.8915185,2.23768515,Maisons du Monde,48.89070188,2.238032668,Furniture and Home Store
"8,6",48.8915185,2.23768515,So Cream,48.891044,2.236358,Frozen Yogurt Shop
"8,6",48.8915185,2.23768515,Le Dôme de la Défense,48.89064453,2.236407101,Food Court
"8,6",48.8915185,2.23768515,La Promenade (Toit de la Grande Arche de la Défense),48.892415,2.236288,Roof Deck
"8,6",48.8915185,2.23768515,Pepperico,48.890714,2.238587,Burrito Restaurant
"9,6",48.8915185,2.23909705,Parvis de la Défense,48.8916967,2.238657475,Landmarks and Outdoors
"9,6",48.8915185,2.23909705,Marks & Spencer Food,48.89163313,2.238522295,Retail
"9,6",48.8915185,2.23909705,Pharmacie du Rer,48.891796,2.238691,Drugstore
"9,6",48.8915185,2.23909705,Pret A Manger,48.89158383,2.238078117,Sandwich Restaurant
"9,6",48.8915185,2.23909705,Lush,48.89084687,2.238199573,Cosmetics Store
"9,6",48.8915185,2.23909705,Nike Store Paris la Defense,48.89076498,2.237944921,Sporting Goods Retail
"9,6",48.8915185,2.23909705,Uniqlo,48.89069676,2.237852811,Clothing Store
"9,6",48.8915185,2.23909705,Uniqlo,48.89069676,2.237852811,Women's Store
"9,6",48.8915185,2.23909705,Maisons du Monde,48.89070188,2.238032668,Furniture and Home Store
"9,6",48.8915185,2.23909705,Pepperico,48.890714,2.238587,Burrito Restaurant
"10,6",48.8915185,2.24050895,Cojean,48.89164732,2.240813971,Restaurant
"10,6",48.8915185,2.24050895,Carrousel Jules Vernes,48.89148045,2.241090238,Amusement Park
"10,6",48.8915185,2.24050895,L'Araignée Rouge de Alexander Calder,48.89131859,2.24167496,Public Art
"11,6",48.8915185,2.24192085,L'Araignée Rouge de Alexander Calder,48.89131859,2.24167496,Public Art
"11,6",48.8915185,2.24192085,Carrousel Jules Vernes,48.89148045,2.241090238,Amusement Park
"11,6",48.8915185,2.24192085,Cojean,48.89164732,2.240813971,Restaurant
"11,6",48.8915185,2.24192085,Place de la Coupole,48.89228499,2.242377698,Plaza
"12,6",48.8915185,2.24333275,Starbucks Coffee Coeur Défense,48.89064351,2.243591398,Coffee Shop
"12,6",48.8915185,2.24333275,Starbucks Coffee Coeur Défense,48.89064351,2.243591398,Fast Food Restaurant
"12,6",48.8915185,2.24333275,Place de la Coupole,48.89228499,2.242377698,Plaza
"13,6",48.8915185,2.24474465,Bert's,48.89190755,2.245078683,Coffee Shop
"13,6",48.8915185,2.24474465,Bert's,48.89190755,2.245078683,Restaurant
"13,6",48.8915185,2.24474465,Starbucks Coffee Coeur Défense,48.89064351,2.243591398,Coffee Shop
"13,6",48.8915185,2.24474465,Starbucks Coffee Coeur Défense,48.89064351,2.243591398,Fast Food Restaurant
"14,6",48.8915185,2.24615655,Bert's,48.89190755,2.245078683,Coffee Shop
"14,6",48.8915185,2.24615655,Bert's,48.89190755,2.245078683,Restaurant
"19,6",48.8915185,2.25321605,Venezia,48.8915662,2.25398764,Pizzeria
"19,6",48.8915185,2.25321605,Venezia,48.8915662,2.25398764,Fast Food Restaurant
"1,7",48.89245396,2.22780185,Secret casino,48.89191182,2.227889569,Casino
"2,7",48.89245396,2.22921375,Express Granite,48.8919216,2.230217363,Salad Restaurant
"2,7",48.89245396,2.22921375,Secret casino,48.89191182,2.227889569,Casino
"3,7",48.89245396,2.23062565,Yin's,48.89278202,2.231105828,Fast Food Restaurant
"3,7",48.89245396,2.23062565,Yin's,48.89278202,2.231105828,Japanese Restaurant
"3,7",48.89245396,2.23062565,Bert's,48.89204506,2.231049692,Restaurant
"3,7",48.89245396,2.23062565,Terrasse Valmy,48.89280008,2.231720306,Plaza
"3,7",48.89245396,2.23062565,Express Granite,48.8919216,2.230217363,Salad Restaurant
"4,7",48.89245396,2.23203755,Cours Valmy,48.89217637,2.232284546,Plaza
"4,7",48.89245396,2.23203755,Terrasse Valmy,48.89280008,2.231720306,Plaza
"4,7",48.89245396,2.23203755,Franck Provost,48.892505,2.232839,Hair Salon
"4,7",48.89245396,2.23203755,Le Californien,48.89258365,2.232860659,American Restaurant
"4,7",48.89245396,2.23203755,Executive Lounge de l'Hôtel Renaissance Paris la Défense,48.89263096,2.232963145,Lounge
"4,7",48.89245396,2.23203755,Yin's,48.89278202,2.231105828,Fast Food Restaurant
"4,7",48.89245396,2.23203755,Yin's,48.89278202,2.231105828,Japanese Restaurant
"4,7",48.89245396,2.23203755,Bert's,48.89204506,2.231049692,Restaurant
"4,7",48.89245396,2.23203755,Soup'app,48.893147,2.2327738,Soup Restaurant
"5,7",48.89245396,2.23344945,La Brasserie Restaurant & Bar,48.8924627,2.2334488,Restaurant
"5,7",48.89245396,2.23344945,Executive Lounge de l'Hôtel Renaissance Paris la Défense,48.89263096,2.232963145,Lounge
"5,7",48.89245396,2.23344945,Franck Provost,48.892505,2.232839,Hair Salon
"5,7",48.89245396,2.23344945,Le Californien,48.89258365,2.232860659,American Restaurant
"5,7",48.89245396,2.23344945,La Jetée,48.893221,2.233522767,Scenic Lookout
"5,7",48.89245396,2.23344945,Cours Valmy,48.89217637,2.232284546,Plaza
"5,7",48.89245396,2.23344945,EXKi,48.89206155,2.234673053,Sandwich Restaurant
"5,7",48.89245396,2.23344945,EXKi,48.89206155,2.234673053,Salad Restaurant
"5,7",48.89245396,2.23344945,Soup'app,48.893147,2.2327738,Soup Restaurant
"6,7",48.89245396,2.23486135,Scoozi,48.8919291,2.235157192,Fast Food Restaurant
"6,7",48.89245396,2.23486135,EXKi,48.89206155,2.234673053,Sandwich Restaurant
"6,7",48.89245396,2.23486135,EXKi,48.89206155,2.234673053,Salad Restaurant
"6,7",48.89245396,2.23486135,Søstrene Grene,48.89164203,2.236050661,Furniture and Home Store
"6,7",48.89245396,2.23486135,La Jetée,48.893221,2.233522767,Scenic Lookout
"7,7",48.89245396,2.23627325,La Promenade (Toit de la Grande Arche de la Défense),48.892415,2.236288,Roof Deck
"7,7",48.89245396,2.23627325,Søstrene Grene,48.89164203,2.236050661,Furniture and Home Store
"8,7",48.89245396,2.23768515,Nespresso,48.892504,2.23864,Miscellaneous Store
"8,7",48.89245396,2.23768515,La Promenade (Toit de la Grande Arche de la Défense),48.892415,2.236288,Roof Deck
"8,7",48.89245396,2.23768515,Parvis de la Défense,48.8916967,2.238657475,Landmarks and Outdoors
"8,7",48.89245396,2.23768515,Pret A Manger,48.89158383,2.238078117,Sandwich Restaurant
"8,7",48.89245396,2.23768515,Marks & Spencer Food,48.89163313,2.238522295,Retail
"8,7",48.89245396,2.23768515,Pharmacie du Rer,48.891796,2.238691,Drugstore
"9,7",48.89245396,2.23909705,Cnit,48.89249663,2.239295666,Retail
"9,7",48.89245396,2.23909705,Monoprix,48.89262618,2.23939187,Food and Beverage Retail
"9,7",48.89245396,2.23909705,Nespresso,48.892504,2.23864,Miscellaneous Store
"9,7",48.89245396,2.23909705,Fnac,48.89262532,2.23958508,Computers and Electronics Retail
"9,7",48.89245396,2.23909705,Décathlon,48.89259961,2.239547968,Clothing Store
"9,7",48.89245396,2.23909705,Décathlon,48.89259961,2.239547968,Shoe Store
"9,7",48.89245396,2.23909705,Habitat la Défense,48.89267,2.239612,Furniture and Home Store
"9,7",48.89245396,2.23909705,Parvis de la Défense,48.8916967,2.238657475,Landmarks and Outdoors
"9,7",48.89245396,2.23909705,Pharmacie du Rer,48.891796,2.238691,Drugstore
"9,7",48.89245396,2.23909705,Cojean,48.89305811,2.2397089,Fast Food Restaurant
"9,7",48.89245396,2.23909705,Cojean,48.89305811,2.2397089,Salad Restaurant
"9,7",48.89245396,2.23909705,Marks & Spencer Food,48.89163313,2.238522295,Retail
"9,7",48.89245396,2.23909705,Pret A Manger,48.89158383,2.238078117,Sandwich Restaurant
"10,7",48.89245396,2.24050895,Fnac,48.89262532,2.23958508,Computers and Electronics Retail
"10,7",48.89245396,2.24050895,Décathlon,48.89259961,2.239547968,Clothing Store
"10,7",48.89245396,2.24050895,Décathlon,48.89259961,2.239547968,Shoe Store
"10,7",48.89245396,2.24050895,Habitat la Défense,48.89267,2.239612,Furniture and Home Store
"10,7",48.89245396,2.24050895,Monoprix,48.89262618,2.23939187,Food and Beverage Retail
"10,7",48.89245396,2.24050895,Cnit,48.89249663,2.239295666,Retail
"10,7",48.89245396,2.24050895,Cojean,48.89305811,2.2397089,Fast Food Restaurant
"10,7",48.89245396,2.24050895,Cojean,48.89305811,2.2397089,Salad Restaurant
"10,7",48.89245396,2.24050895,Cojean,48.89164732,2.240813971,Restaurant
"11,7",48.89245396,2.24192085,Place de la Coupole,48.89228499,2.242377698,Plaza
"11,7",48.89245396,2.24192085,Cojean,48.89164732,2.240813971,Restaurant
"12,7",48.89245396,2.24333275,Place de la Coupole,48.89228499,2.242377698,Plaza
"13,7",48.89245396,2.24474465,Bert's,48.89190755,2.245078683,Coffee Shop
"13,7",48.89245396,2.24474465,Bert's,48.89190755,2.245078683,Restaurant
"14,7",48.89245396,2.24615655,Place des Vosges,48.8928331,2.246882919,Plaza
"14,7",48.89245396,2.24615655,Bert's,48.89190755,2.245078683,Coffee Shop
"14,7",48.89245396,2.24615655,Bert's,48.89190755,2.245078683,Restaurant
"14,7",48.89245396,2.24615655,Alfred'S Café,48.89338914,2.246313151,Bistro
"14,7",48.89245396,2.24615655,Alfred'S Café,48.89338914,2.246313151,Café
"14,7",48.89245396,2.24615655,Alfred'S Café,48.89338914,2.246313151,French Restaurant
"15,7",48.89245396,2.24756845,Place des Vosges,48.8928331,2.246882919,Plaza
"15,7",48.89245396,2.24756845,Alfred'S Café,48.89338914,2.246313151,Bistro
"15,7",48.89245396,2.24756845,Alfred'S Café,48.89338914,2.246313151,Café
"15,7",48.89245396,2.24756845,Alfred'S Café,48.89338914,2.246313151,French Restaurant
"17,7",48.89245396,2.25039225,Parc Diderot,48.89197935,2.250209692,Park
"18,7",48.89245396,2.25180415,Vietnam Kitchen,48.893003,2.253153,Vietnamese Restaurant
"19,7",48.89245396,2.25321605,Vietnam Kitchen,48.893003,2.253153,Vietnamese Restaurant
"19,7",48.89245396,2.25321605,Le Gavroche,48.89263488,2.253519595,Bar
"19,7",48.89245396,2.25321605,Le Gavroche,48.89263488,2.253519595,Brasserie
"3,8",48.89338942,2.23062565,Jardins de l'Arche,48.89403754,2.23115855,Garden
"3,8",48.89338942,2.23062565,Terrasse Valmy,48.89280008,2.231720306,Plaza
"4,8",48.89338942,2.23203755,Terrasse Valmy,48.89280008,2.231720306,Plaza
"4,8",48.89338942,2.23203755,Soup'app,48.893147,2.2327738,Soup Restaurant
"4,8",48.89338942,2.23203755,Jardins de l'Arche,48.89403754,2.23115855,Garden
"4,8",48.89338942,2.23203755,Yin's,48.89278202,2.231105828,Fast Food Restaurant
"4,8",48.89338942,2.23203755,Yin's,48.89278202,2.231105828,Japanese Restaurant
"4,8",48.89338942,2.23203755,Le Californien,48.89258365,2.232860659,American Restaurant
"4,8",48.89338942,2.23203755,Executive Lounge de l'Hôtel Renaissance Paris la Défense,48.89263096,2.232963145,Lounge
"4,8",48.89338942,2.23203755,Franck Provost,48.892505,2.232839,Hair Salon
"5,8",48.89338942,2.23344945,La Jetée,48.893221,2.233522767,Scenic Lookout
"5,8",48.89338942,2.23344945,Soup'app,48.893147,2.2327738,Soup Restaurant
"5,8",48.89338942,2.23344945,Executive Lounge de l'Hôtel Renaissance Paris la Défense,48.89263096,2.232963145,Lounge
"5,8",48.89338942,2.23344945,Le Californien,48.89258365,2.232860659,American Restaurant
"5,8",48.89338942,2.23344945,Franck Provost,48.892505,2.232839,Hair Salon
"6,8",48.89338942,2.23486135,La Jetée,48.893221,2.233522767,Scenic Lookout
"8,8",48.89338942,2.23768515,Place Carpeaux,48.89353072,2.238528728,Plaza
"8,8",48.89338942,2.23768515,Nespresso,48.892504,2.23864,Miscellaneous Store
"9,8",48.89338942,2.23909705,Place Carpeaux,48.89353072,2.238528728,Plaza
"9,8",48.89338942,2.23909705,Cojean,48.89305811,2.2397089,Fast Food Restaurant
"9,8",48.89338942,2.23909705,Cojean,48.89305811,2.2397089,Salad Restaurant
"9,8",48.89338942,2.23909705,Fnac,48.89262532,2.23958508,Computers and Electronics Retail
"9,8",48.89338942,2.23909705,Monoprix,48.89262618,2.23939187,Food and Beverage Retail
"9,8",48.89338942,2.23909705,Décathlon,48.89259961,2.239547968,Clothing Store
"9,8",48.89338942,2.23909705,Décathlon,48.89259961,2.239547968,Shoe Store
"9,8",48.89338942,2.23909705,Nespresso,48.892504,2.23864,Miscellaneous Store
"9,8",48.89338942,2.23909705,Cnit,48.89249663,2.239295666,Retail
"10,8",48.89338942,2.24050895,Cojean,48.89305811,2.2397089,Fast Food Restaurant
"10,8",48.89338942,2.24050895,Cojean,48.89305811,2.2397089,Salad Restaurant
"10,8",48.89338942,2.24050895,Fnac,48.89262532,2.23958508,Computers and Electronics Retail
"10,8",48.89338942,2.24050895,Décathlon,48.89259961,2.239547968,Clothing Store
"10,8",48.89338942,2.24050895,Décathlon,48.89259961,2.239547968,Shoe Store
"10,8",48.89338942,2.24050895,Monoprix,48.89262618,2.23939187,Food and Beverage Retail
"10,8",48.89338942,2.24050895,Cnit,48.89249663,2.239295666,Retail
"14,8",48.89338942,2.24615655,Alfred'S Café,48.89338914,2.246313151,Bistro
"14,8",48.89338942,2.24615655,Alfred'S Café,48.89338914,2.246313151,Café
"14,8",48.89338942,2.24615655,Alfred'S Café,48.89338914,2.246313151,French Restaurant
"14,8",48.89338942,2.24615655,Place des Vosges,48.8928331,2.246882919,Plaza
"14,8",48.89338942,2.24615655,Alyssa,48.893828,2.247416,Lebanese Restaurant
"15,8",48.89338942,2.24756845,Trattoria Pizzeria d'Angelo,48.8935311,2.248456236,Pizzeria
"15,8",48.89338942,2.24756845,Trattoria Pizzeria d'Angelo,48.8935311,2.248456236,Italian Restaurant
"15,8",48.89338942,2.24756845,Le Tournesol,48.89407914,2.247864157,French Restaurant
"15,8",48.89338942,2.24756845,Alyssa,48.893828,2.247416,Lebanese Restaurant
"15,8",48.89338942,2.24756845,Place des Vosges,48.8928331,2.246882919,Plaza
"15,8",48.89338942,2.24756845,La Gourmandise,48.893979,2.247787,Fast Food Restaurant
"15,8",48.89338942,2.24756845,La Gourmandise,48.893979,2.247787,Vietnamese Restaurant
"15,8",48.89338942,2.24756845,Alfred'S Café,48.89338914,2.246313151,Bistro
"15,8",48.89338942,2.24756845,Alfred'S Café,48.89338914,2.246313151,Café
"15,8",48.89338942,2.24756845,Alfred'S Café,48.89338914,2.246313151,French Restaurant
"16,8",48.89338942,2.24898035,Trattoria Pizzeria d'Angelo,48.8935311,2.248456236,Pizzeria
"16,8",48.89338942,2.24898035,Trattoria Pizzeria d'Angelo,48.8935311,2.248456236,Italian Restaurant
"16,8",48.89338942,2.24898035,Le Tournesol,48.89407914,2.247864157,French Restaurant
"16,8",48.89338942,2.24898035,La Gourmandise,48.893979,2.247787,Fast Food Restaurant
"16,8",48.89338942,2.24898035,La Gourmandise,48.893979,2.247787,Vietnamese Restaurant
"18,8",48.89338942,2.25180415,Vietnam Kitchen,48.893003,2.253153,Vietnamese Restaurant
"19,8",48.89338942,2.25321605,Vietnam Kitchen,48.893003,2.253153,Vietnamese Restaurant
"19,8",48.89338942,2.25321605,Bowling Charras,48.89409836,2.253300234,Bowling Alley
"19,8",48.89338942,2.25321605,Le Gavroche,48.89263488,2.253519595,Bar
"19,8",48.89338942,2.25321605,Le Gavroche,48.89263488,2.253519595,Brasserie
"0,9",48.89432488,2.22638995,Le Ptit Breton,48.89477217,2.226871848,Restaurant
"0,9",48.89432488,2.22638995,Le Piano,48.89452529,2.22717762,Italian Restaurant
"0,9",48.89432488,2.22638995,Yoshi Sushi,48.89434573,2.227418377,Japanese Restaurant
"1,9",48.89432488,2.22780185,Yoshi Sushi,48.89434573,2.227418377,Japanese Restaurant
"1,9",48.89432488,2.22780185,Le Piano,48.89452529,2.22717762,Italian Restaurant
"1,9",48.89432488,2.22780185,Le Ptit Breton,48.89477217,2.226871848,Restaurant
"3,9",48.89432488,2.23062565,Big Fernand,48.894314,2.231201,Burger Joint
"3,9",48.89432488,2.23062565,Jardins de l'Arche,48.89403754,2.23115855,Garden
"4,9",48.89432488,2.23203755,Big Fernand,48.894314,2.231201,Burger Joint
"4,9",48.89432488,2.23203755,Jardins de l'Arche,48.89403754,2.23115855,Garden
"8,9",48.89432488,2.23768515,Place Carpeaux,48.89353072,2.238528728,Plaza
"8,9",48.89432488,2.23768515,Bar 6 Pullman,48.894982,2.239072,Snack Place
"9,9",48.89432488,2.23909705,Allée de l'Arche,48.89485216,2.23929616,Plaza
"9,9",48.89432488,2.23909705,Place Carpeaux,48.89353072,2.238528728,Plaza
"9,9",48.89432488,2.23909705,Bar 6 Pullman,48.894982,2.239072,Snack Place
"10,9",48.89432488,2.24050895,Allée de l'Arche,48.89485216,2.23929616,Plaza
"11,9",48.89432488,2.24192085,Square Henri Regnault,48.89426711,2.2424528,Plaza
"14,9",48.89432488,2.24615655,La Caisse de Bières,48.895124,2.246819,Beer Store
"14,9",48.89432488,2.24615655,La Caisse de Bières,48.895124,2.246819,Wine Store
"14,9",48.89432488,2.24615655,Alyssa,48.893828,2.247416,Lebanese Restaurant
"15,9",48.89432488,2.24756845,Le Tournesol,48.89407914,2.247864157,French Restaurant
"15,9",48.89432488,2.24756845,La Gourmandise,48.893979,2.247787,Fast Food Restaurant
"15,9",48.89432488,2.24756845,La Gourmandise,48.893979,2.247787,Vietnamese Restaurant
"15,9",48.89432488,2.24756845,Alyssa,48.893828,2.247416,Lebanese Restaurant
"15,9",48.89432488,2.24756845,La Caisse de Bières,48.895124,2.246819,Beer Store
"15,9",48.89432488,2.24756845,La Caisse de Bières,48.895124,2.246819,Wine Store
"15,9",48.89432488,2.24756845,Trattoria Pizzeria d'Angelo,48.8935311,2.248456236,Pizzeria
"15,9",48.89432488,2.24756845,Trattoria Pizzeria d'Angelo,48.8935311,2.248456236,Italian Restaurant
"16,9",48.89432488,2.24898035,Le Tournesol,48.89407914,2.247864157,French Restaurant
"16,9",48.89432488,2.24898035,Trattoria Pizzeria d'Angelo,48.8935311,2.248456236,Pizzeria
"16,9",48.89432488,2.24898035,Trattoria Pizzeria d'Angelo,48.8935311,2.248456236,Italian Restaurant
"16,9",48.89432488,2.24898035,La Gourmandise,48.893979,2.247787,Fast Food Restaurant
"16,9",48.89432488,2.24898035,La Gourmandise,48.893979,2.247787,Vietnamese Restaurant
"18,9",48.89432488,2.25180415,Carrefour Market,48.89454292,2.25261569,Grocery Store / Supermarket
"19,9",48.89432488,2.25321605,Bowling Charras,48.89409836,2.253300234,Bowling Alley
"19,9",48.89432488,2.25321605,Carrefour Market,48.89454292,2.25261569,Grocery Store / Supermarket
"19,9",48.89432488,2.25321605,Parc des Pléiades,48.89474957,2.254434228,Park
"0,10",48.89526035,2.22638995,Aréna Café,48.89539805,2.226179922,Burger Joint
"0,10",48.89526035,2.22638995,Kyoto,48.89557831,2.226538775,Japanese Restaurant
"0,10",48.89526035,2.22638995,Les Bambins,48.895589,2.227116,Brasserie
"0,10",48.89526035,2.22638995,Jungle Arch,48.895923,2.226051,Restaurant
"0,10",48.89526035,2.22638995,Le Bistrot d'Olivier,48.8959506,2.225532241,Restaurant
"0,10",48.89526035,2.22638995,Yoshi Sushi,48.89434573,2.227418377,Japanese Restaurant
"1,10",48.89526035,2.22780185,Pharmacie Terrasses de l'Arche,48.895124,2.227446,Health and Medicine
"1,10",48.89526035,2.22780185,Pharmacie Terrasses de l'Arche,48.895124,2.227446,Drugstore
"1,10",48.89526035,2.22780185,Les Bambins,48.895589,2.227116,Brasserie
"1,10",48.89526035,2.22780185,Kyoto,48.89557831,2.226538775,Japanese Restaurant
"1,10",48.89526035,2.22780185,Yoshi Sushi,48.89434573,2.227418377,Japanese Restaurant
"2,10",48.89526035,2.22921375,Paris la Défense Arena,48.89559807,2.229565923,Stadium
"2,10",48.89526035,2.22921375,Bib & Guss,48.894712,2.229966,French Restaurant
"3,10",48.89526035,2.23062565,Paris la Défense Arena,48.89559807,2.229565923,Stadium
"3,10",48.89526035,2.23062565,Bib & Guss,48.894712,2.229966,French Restaurant
"6,10",48.89526035,2.23486135,La Caféteria,48.89617166,2.236256092,Café
"7,10",48.89526035,2.23627325,MONGOO la Defense,48.89579846,2.236774564,Salad Restaurant
"7,10",48.89526035,2.23627325,Esplanade Mona Lisa,48.89585059,2.23644197,Pedestrian Plaza
"7,10",48.89526035,2.23627325,Aubrac Corner la Defense,48.89585136,2.236935496,Fast Food Restaurant
"7,10",48.89526035,2.23627325,Day's Café,48.89559794,2.237275332,Burger Joint
"7,10",48.89526035,2.23627325,Day's Café,48.89559794,2.237275332,Fast Food Restaurant
"7,10",48.89526035,2.23627325,Day's Café,48.89559794,2.237275332,French Restaurant
"7,10",48.89526035,2.23627325,La Caféteria,48.89617166,2.236256092,Café
"7,10",48.89526035,2.23627325,Bistro du Faubourg,48.89618287,2.23745048,French Restaurant
"8,10",48.89526035,2.23768515,Day's Café,48.89559794,2.237275332,Burger Joint
"8,10",48.89526035,2.23768515,Day's Café,48.89559794,2.237275332,Fast Food Restaurant
"8,10",48.89526035,2.23768515,Day's Café,48.89559794,2.237275332,French Restaurant
"8,10",48.89526035,2.23768515,MONGOO la Defense,48.89579846,2.236774564,Salad Restaurant
"8,10",48.89526035,2.23768515,Aubrac Corner la Defense,48.89585136,2.236935496,Fast Food Restaurant
"8,10",48.89526035,2.23768515,Quinte & Sens,48.89503756,2.238928378,Burger Joint
"8,10",48.89526035,2.23768515,Quinte & Sens,48.89503756,2.238928378,Fast Food Restaurant
"8,10",48.89526035,2.23768515,Quinte & Sens,48.89503756,2.238928378,French Restaurant
"8,10",48.89526035,2.23768515,Bistro du Faubourg,48.89618287,2.23745048,French Restaurant
"8,10",48.89526035,2.23768515,Bar 6 Pullman,48.894982,2.239072,Snack Place
"8,10",48.89526035,2.23768515,Esplanade Mona Lisa,48.89585059,2.23644197,Pedestrian Plaza
"9,10",48.89526035,2.23909705,Quinte & Sens,48.89503756,2.238928378,Burger Joint
"9,10",48.89526035,2.23909705,Quinte & Sens,48.89503756,2.238928378,Fast Food Restaurant
"9,10",48.89526035,2.23909705,Quinte & Sens,48.89503756,2.238928378,French Restaurant
"9,10",48.89526035,2.23909705,Allée de l'Arche,48.89485216,2.23929616,Plaza
"9,10",48.89526035,2.23909705,Bar 6 Pullman,48.894982,2.239072,Snack Place
"10,10",48.89526035,2.24050895,Allée de l'Arche,48.89485216,2.23929616,Plaza
"14,10",48.89526035,2.24615655,La Caisse de Bières,48.895124,2.246819,Beer Store
"14,10",48.89526035,2.24615655,La Caisse de Bières,48.895124,2.246819,Wine Store
"15,10",48.89526035,2.24756845,La Caisse de Bières,48.895124,2.246819,Beer Store
"15,10",48.89526035,2.24756845,La Caisse de Bières,48.895124,2.246819,Wine Store
"15,10",48.89526035,2.24756845,Subway,48.89578603,2.248730478,Fast Food Restaurant
"15,10",48.89526035,2.24756845,Subway,48.89578603,2.248730478,Deli
"15,10",48.89526035,2.24756845,Sakura,48.89609206,2.248953134,Sushi Restaurant
"16,10",48.89526035,2.24898035,Beef Cut,48.89560096,2.249815464,Steakhouse
"16,10",48.89526035,2.24898035,Subway,48.89578603,2.248730478,Fast Food Restaurant
"16,10",48.89526035,2.24898035,Subway,48.89578603,2.248730478,Deli
"16,10",48.89526035,2.24898035,Madrissio,48.89542991,2.250024676,Pizzeria
"16,10",48.89526035,2.24898035,Madrissio,48.89542991,2.250024676,Brasserie
"16,10",48.89526035,2.24898035,Madrissio,48.89542991,2.250024676,Italian Restaurant
"16,10",48.89526035,2.24898035,Pharmacie Centrale,48.89527141,2.249961937,Drugstore
"16,10",48.89526035,2.24898035,Sakura,48.89609206,2.248953134,Sushi Restaurant
"16,10",48.89526035,2.24898035,Nicolas,48.896038,2.249016,Liquor Store
"17,10",48.89526035,2.25039225,Madrissio,48.89542991,2.250024676,Pizzeria
"17,10",48.89526035,2.25039225,Madrissio,48.89542991,2.250024676,Brasserie
"17,10",48.89526035,2.25039225,Madrissio,48.89542991,2.250024676,Italian Restaurant
"17,10",48.89526035,2.25039225,Beef Cut,48.89560096,2.249815464,Steakhouse
"17,10",48.89526035,2.25039225,Pharmacie Centrale,48.89527141,2.249961937,Drugstore
"17,10",48.89526035,2.25039225,Le Garden Café,48.89521654,2.251403332,Bar
"17,10",48.89526035,2.25039225,Le Garden Café,48.89521654,2.251403332,Café
"17,10",48.89526035,2.25039225,Nicolas,48.896038,2.249016,Liquor Store
"18,10",48.89526035,2.25180415,Le Garden Café,48.89521654,2.251403332,Bar
"18,10",48.89526035,2.25180415,Le Garden Café,48.89521654,2.251403332,Café
"19,10",48.89526035,2.25321605,Piscine Municipale (Piscine Municipale de Courbevoie),48.894709,2.25333,Swimming Pool
"0,11",48.89619581,2.22638995,Jungle Arch,48.895923,2.226051,Restaurant
"0,11",48.89619581,2.22638995,Kyoto,48.89557831,2.226538775,Japanese Restaurant
"0,11",48.89619581,2.22638995,Le Bistrot d'Olivier,48.8959506,2.225532241,Restaurant
"0,11",48.89619581,2.22638995,Les Bambins,48.895589,2.227116,Brasserie
"0,11",48.89619581,2.22638995,Aréna Café,48.89539805,2.226179922,Burger Joint
"0,11",48.89619581,2.22638995,AXA France Services,48.89641828,2.227746248,Financial Service
"0,11",48.89619581,2.22638995,AXA France Services,48.89641828,2.227746248,Legal Service
"1,11",48.89619581,2.22780185,AXA France Services,48.89641828,2.227746248,Financial Service
"1,11",48.89619581,2.22780185,AXA France Services,48.89641828,2.227746248,Legal Service
"1,11",48.89619581,2.22780185,Les Bambins,48.895589,2.227116,Brasserie
"1,11",48.89619581,2.22780185,Kyoto,48.89557831,2.226538775,Japanese Restaurant
"2,11",48.89619581,2.22921375,Paris la Défense Arena,48.89559807,2.229565923,Stadium
"3,11",48.89619581,2.23062565,Paris la Défense Arena,48.89559807,2.229565923,Stadium
"5,11",48.89619581,2.23344945,Franck Provost (Franck Provost - Coiffeur Courbevoie),48.896344,2.234603,Hair Salon
"5,11",48.89619581,2.23344945,La Joconde,48.89632182,2.234737426,Bakery
"5,11",48.89619581,2.23344945,La Joconde,48.89632182,2.234737426,Pastry Shop
"6,11",48.89619581,2.23486135,La Joconde,48.89632182,2.234737426,Bakery
"6,11",48.89619581,2.23486135,La Joconde,48.89632182,2.234737426,Pastry Shop
"6,11",48.89619581,2.23486135,Franck Provost (Franck Provost - Coiffeur Courbevoie),48.896344,2.234603,Hair Salon
"6,11",48.89619581,2.23486135,Grill Dehliz,48.89647811,2.235247008,Turkish Restaurant
"6,11",48.89619581,2.23486135,La Caféteria,48.89617166,2.236256092,Café
"7,11",48.89619581,2.23627325,La Caféteria,48.89617166,2.236256092,Café
"7,11",48.89619581,2.23627325,MONGOO la Defense,48.89579846,2.236774564,Salad Restaurant
"7,11",48.89619581,2.23627325,Monoprix,48.89672,2.2368,Food and Beverage Retail
"7,11",48.89619581,2.23627325,Esplanade Mona Lisa,48.89585059,2.23644197,Pedestrian Plaza
"7,11",48.89619581,2.23627325,Aubrac Corner la Defense,48.89585136,2.236935496,Fast Food Restaurant
"7,11",48.89619581,2.23627325,Toast And Pizz,48.89641387,2.237168849,Pizzeria
"7,11",48.89619581,2.23627325,Toast And Pizz,48.89641387,2.237168849,Fast Food Restaurant
"7,11",48.89619581,2.23627325,Grill Dehliz,48.89647811,2.235247008,Turkish Restaurant
"7,11",48.89619581,2.23627325,Bistro du Faubourg,48.89618287,2.23745048,French Restaurant
"7,11",48.89619581,2.23627325,Jean-Claude Biguine,48.89678946,2.237091064,Hair Salon
"7,11",48.89619581,2.23627325,CIC Courbevoie Vinci,48.8969147,2.236889136,Banking and Finance
"7,11",48.89619581,2.23627325,Day's Café,48.89559794,2.237275332,Burger Joint
"7,11",48.89619581,2.23627325,Day's Café,48.89559794,2.237275332,Fast Food Restaurant
"7,11",48.89619581,2.23627325,Day's Café,48.89559794,2.237275332,French Restaurant
"8,11",48.89619581,2.23768515,Bistro du Faubourg,48.89618287,2.23745048,French Restaurant
"8,11",48.89619581,2.23768515,Starbucks,48.896751,2.237838,Coffee Shop
"8,11",48.89619581,2.23768515,Toast And Pizz,48.89641387,2.237168849,Pizzeria
"8,11",48.89619581,2.23768515,Toast And Pizz,48.89641387,2.237168849,Fast Food Restaurant
"8,11",48.89619581,2.23768515,Monoprix,48.89672,2.2368,Food and Beverage Retail
"8,11",48.89619581,2.23768515,MONGOO la Defense,48.89579846,2.236774564,Salad Restaurant
"8,11",48.89619581,2.23768515,Aubrac Corner la Defense,48.89585136,2.236935496,Fast Food Restaurant
"8,11",48.89619581,2.23768515,Day's Café,48.89559794,2.237275332,Burger Joint
"8,11",48.89619581,2.23768515,Day's Café,48.89559794,2.237275332,Fast Food Restaurant
"8,11",48.89619581,2.23768515,Day's Café,48.89559794,2.237275332,French Restaurant
"8,11",48.89619581,2.23768515,Jean-Claude Biguine,48.89678946,2.237091064,Hair Salon
"8,11",48.89619581,2.23768515,Esplanade Mona Lisa,48.89585059,2.23644197,Pedestrian Plaza
"8,11",48.89619581,2.23768515,CIC Courbevoie Vinci,48.8969147,2.236889136,Banking and Finance
"9,11",48.89619581,2.23909705,Starbucks,48.896751,2.237838,Coffee Shop
"10,11",48.89619581,2.24050895,Boulangerie Pâtisserie Tiznit,48.89647717,2.240545079,Bakery
"10,11",48.89619581,2.24050895,Boulangerie Pâtisserie Tiznit,48.89647717,2.240545079,Pastry Shop
"11,11",48.89619581,2.24192085,Boulangerie Pâtisserie Tiznit,48.89647717,2.240545079,Bakery
"11,11",48.89619581,2.24192085,Boulangerie Pâtisserie Tiznit,48.89647717,2.240545079,Pastry Shop
"13,11",48.89619581,2.24474465,San Marco,48.896545,2.245379,Pizzeria
"13,11",48.89619581,2.24474465,San Marco,48.896545,2.245379,Italian Restaurant
"13,11",48.89619581,2.24474465,So Thai,48.89676603,2.245842423,Fast Food Restaurant
"13,11",48.89619581,2.24474465,So Thai,48.89676603,2.245842423,Thai Restaurant
"14,11",48.89619581,2.24615655,So Thai,48.89676603,2.245842423,Fast Food Restaurant
"14,11",48.89619581,2.24615655,So Thai,48.89676603,2.245842423,Thai Restaurant
"14,11",48.89619581,2.24615655,San Marco,48.896545,2.245379,Pizzeria
"14,11",48.89619581,2.24615655,San Marco,48.896545,2.245379,Italian Restaurant
"15,11",48.89619581,2.24756845,Teddy Beer,48.89680974,2.248121649,Beer Bar
"15,11",48.89619581,2.24756845,Teddy Beer,48.89680974,2.248121649,Café
"15,11",48.89619581,2.24756845,Teddy Beer,48.89680974,2.248121649,Restaurant
"15,11",48.89619581,2.24756845,Subway,48.89578603,2.248730478,Fast Food Restaurant
"15,11",48.89619581,2.24756845,Subway,48.89578603,2.248730478,Deli
"15,11",48.89619581,2.24756845,Sakura,48.89609206,2.248953134,Sushi Restaurant
"16,11",48.89619581,2.24898035,Sakura,48.89609206,2.248953134,Sushi Restaurant
"16,11",48.89619581,2.24898035,Nicolas,48.896038,2.249016,Liquor Store
"16,11",48.89619581,2.24898035,Subway,48.89578603,2.248730478,Fast Food Restaurant
"16,11",48.89619581,2.24898035,Subway,48.89578603,2.248730478,Deli
"16,11",48.89619581,2.24898035,Beef Cut,48.89560096,2.249815464,Steakhouse
"16,11",48.89619581,2.24898035,Teddy Beer,48.89680974,2.248121649,Beer Bar
"16,11",48.89619581,2.24898035,Teddy Beer,48.89680974,2.248121649,Café
"16,11",48.89619581,2.24898035,Teddy Beer,48.89680974,2.248121649,Restaurant
"17,11",48.89619581,2.25039225,Beef Cut,48.89560096,2.249815464,Steakhouse
"17,11",48.89619581,2.25039225,Nicolas,48.896038,2.249016,Liquor Store
"18,11",48.89619581,2.25180415,Le Timgad,48.89662819,2.253001573,Hotel
"19,11",48.89619581,2.25321605,Le Timgad,48.89662819,2.253001573,Hotel
"0,12",48.89713127,2.22638995,AXA France Services,48.89641828,2.227746248,Financial Service
"0,12",48.89713127,2.22638995,AXA France Services,48.89641828,2.227746248,Legal Service
"1,12",48.89713127,2.22780185,AXA France Services,48.89641828,2.227746248,Financial Service
"1,12",48.89713127,2.22780185,AXA France Services,48.89641828,2.227746248,Legal Service
"5,12",48.89713127,2.23344945,Franck Provost (Franck Provost - Coiffeur Courbevoie),48.896344,2.234603,Hair Salon
"5,12",48.89713127,2.23344945,La Joconde,48.89632182,2.234737426,Bakery
"5,12",48.89713127,2.23344945,La Joconde,48.89632182,2.234737426,Pastry Shop
"6,12",48.89713127,2.23486135,Grill Dehliz,48.89647811,2.235247008,Turkish Restaurant
"6,12",48.89713127,2.23486135,Franck Provost (Franck Provost - Coiffeur Courbevoie),48.896344,2.234603,Hair Salon
"6,12",48.89713127,2.23486135,La Joconde,48.89632182,2.234737426,Bakery
"6,12",48.89713127,2.23486135,La Joconde,48.89632182,2.234737426,Pastry Shop
"7,12",48.89713127,2.23627325,Monoprix,48.89672,2.2368,Food and Beverage Retail
"7,12",48.89713127,2.23627325,CIC Courbevoie Vinci,48.8969147,2.236889136,Banking and Finance
"7,12",48.89713127,2.23627325,Jean-Claude Biguine,48.89678946,2.237091064,Hair Salon
"7,12",48.89713127,2.23627325,Grill Dehliz,48.89647811,2.235247008,Turkish Restaurant
"8,12",48.89713127,2.23768515,Starbucks,48.896751,2.237838,Coffee Shop
"8,12",48.89713127,2.23768515,Monoprix,48.89672,2.2368,Food and Beverage Retail
"8,12",48.89713127,2.23768515,Jean-Claude Biguine,48.89678946,2.237091064,Hair Salon
"8,12",48.89713127,2.23768515,Le Bistro d'Edouard,48.8971921,2.238588933,Brasserie
"8,12",48.89713127,2.23768515,CIC Courbevoie Vinci,48.8969147,2.236889136,Banking and Finance
"9,12",48.89713127,2.23909705,Le Bistro d'Edouard,48.8971921,2.238588933,Brasserie
"9,12",48.89713127,2.23909705,Starbucks,48.896751,2.237838,Coffee Shop
"9,12",48.89713127,2.23909705,Le Bistrot de Courbevoie,48.89792317,2.240322456,Pizzeria
"9,12",48.89713127,2.23909705,Le Bistrot de Courbevoie,48.89792317,2.240322456,Brasserie
"9,12",48.89713127,2.23909705,Le Bistrot de Courbevoie,48.89792317,2.240322456,Italian Restaurant
"10,12",48.89713127,2.24050895,Boulangerie Pâtisserie Tiznit,48.89647717,2.240545079,Bakery
"10,12",48.89713127,2.24050895,Boulangerie Pâtisserie Tiznit,48.89647717,2.240545079,Pastry Shop
"10,12",48.89713127,2.24050895,Arda Kebab,48.89779807,2.240516245,Turkish Restaurant
"10,12",48.89713127,2.24050895,Le Bistrot de Courbevoie,48.89792317,2.240322456,Pizzeria
"10,12",48.89713127,2.24050895,Le Bistrot de Courbevoie,48.89792317,2.240322456,Brasserie
"10,12",48.89713127,2.24050895,Le Bistrot de Courbevoie,48.89792317,2.240322456,Italian Restaurant
"10,12",48.89713127,2.24050895,Lune Sushi,48.8980532,2.241174728,Sushi Restaurant
"11,12",48.89713127,2.24192085,Lune Sushi,48.8980532,2.241174728,Sushi Restaurant
"11,12",48.89713127,2.24192085,Boulangerie Pâtisserie Tiznit,48.89647717,2.240545079,Bakery
"11,12",48.89713127,2.24192085,Boulangerie Pâtisserie Tiznit,48.89647717,2.240545079,Pastry Shop
"13,12",48.89713127,2.24474465,So Thai,48.89676603,2.245842423,Fast Food Restaurant
"13,12",48.89713127,2.24474465,So Thai,48.89676603,2.245842423,Thai Restaurant
"13,12",48.89713127,2.24474465,San Marco,48.896545,2.245379,Pizzeria
"13,12",48.89713127,2.24474465,San Marco,48.896545,2.245379,Italian Restaurant
"14,12",48.89713127,2.24615655,So Thai,48.89676603,2.245842423,Fast Food Restaurant
"14,12",48.89713127,2.24615655,So Thai,48.89676603,2.245842423,Thai Restaurant
"14,12",48.89713127,2.24615655,85 Ozo Maison Burger,48.89774165,2.247355878,Burger Joint
"14,12",48.89713127,2.24615655,Brother's Crêpes & Café,48.89796206,2.247135937,Creperie
"14,12",48.89713127,2.24615655,Brother's Crêpes & Café,48.89796206,2.247135937,Fast Food Restaurant
"14,12",48.89713127,2.24615655,Brother's Crêpes & Café,48.89796206,2.247135937,French Restaurant
"14,12",48.89713127,2.24615655,San Marco,48.896545,2.245379,Pizzeria
"14,12",48.89713127,2.24615655,San Marco,48.896545,2.245379,Italian Restaurant
"14,12",48.89713127,2.24615655,A2Pas,48.898023,2.247108,Convenience Store
"15,12",48.89713127,2.24756845,Grill d'Istambul,48.89718444,2.247774303,Fast Food Restaurant
"15,12",48.89713127,2.24756845,Grill d'Istambul,48.89718444,2.247774303,Brasserie
"15,12",48.89713127,2.24756845,Grill d'Istambul,48.89718444,2.247774303,Kebab Restaurant
"15,12",48.89713127,2.24756845,85 Ozo Maison Burger,48.89774165,2.247355878,Burger Joint
"15,12",48.89713127,2.24756845,Franprix,48.89725,2.24799,Food and Beverage Retail
"15,12",48.89713127,2.24756845,Poissonnerie la Vague (Poissonnerie La Vague),48.89735725,2.24796474,Fish Market
"15,12",48.89713127,2.24756845,Brother's Crêpes & Café,48.89796206,2.247135937,Creperie
"15,12",48.89713127,2.24756845,Brother's Crêpes & Café,48.89796206,2.247135937,Fast Food Restaurant
"15,12",48.89713127,2.24756845,Brother's Crêpes & Café,48.89796206,2.247135937,French Restaurant
"15,12",48.89713127,2.24756845,Teddy Beer,48.89680974,2.248121649,Beer Bar
"15,12",48.89713127,2.24756845,Teddy Beer,48.89680974,2.248121649,Café
"15,12",48.89713127,2.24756845,Teddy Beer,48.89680974,2.248121649,Restaurant
"15,12",48.89713127,2.24756845,A2Pas,48.898023,2.247108,Convenience Store
"16,12",48.89713127,2.24898035,Franprix,48.89725,2.24799,Food and Beverage Retail
"16,12",48.89713127,2.24898035,Teddy Beer,48.89680974,2.248121649,Beer Bar
"16,12",48.89713127,2.24898035,Teddy Beer,48.89680974,2.248121649,Café
"16,12",48.89713127,2.24898035,Teddy Beer,48.89680974,2.248121649,Restaurant
"16,12",48.89713127,2.24898035,Grill d'Istambul,48.89718444,2.247774303,Fast Food Restaurant
"16,12",48.89713127,2.24898035,Grill d'Istambul,48.89718444,2.247774303,Brasserie
"16,12",48.89713127,2.24898035,Grill d'Istambul,48.89718444,2.247774303,Kebab Restaurant
"16,12",48.89713127,2.24898035,Poissonnerie la Vague (Poissonnerie La Vague),48.89735725,2.24796474,Fish Market
"18,12",48.89713127,2.25180415,Le Timgad,48.89662819,2.253001573,Hotel
"19,12",48.89713127,2.25321605,Le Timgad,48.89662819,2.253001573,Hotel
