email Count,x,y,latitude,longitude
241,3239.809429,1029.217091,48.91287832,2.240623333
240,3215.02186,1085.374696,48.91277294,2.241849446
169,3150.83552,1009.94597,48.91250007,2.240202579
254,3119.885176,1796.966215,48.91236849,2.257385926
510,3115.372202,1595.021557,48.9123493,2.252976782
170,3113.069564,1129.573407,48.91233951,2.242814455
72,3112.11792,1159.297579,48.91233547,2.243463436
71,3101.177002,1067.411488,48.91228895,2.241457248
253,3096.950932,1857.225622,48.91227099,2.258701595
508,3093.182938,1933.698978,48.91225497,2.26037127
537,3081.872296,1574.516395,48.91220688,2.252529085
255,3076.18385,1724.034687,48.9121827,2.255793581
67,3069.268398,1194.762513,48.9121533,2.244237757
509,3051.723048,1564.683174,48.91207871,2.252314392
70,3049.607851,1082.51308,48.91206972,2.241786967
74,3047.980297,1735.436277,48.9120628,2.256042517
73,3042.87821,1811.279364,48.91204111,2.257698431
251,3042.274267,1822.78525,48.91203854,2.257949644
68,3041.869662,1086.418603,48.91203682,2.241872238
171,3035.660145,1173.581748,48.91201042,2.243775308
252,3034.310137,1895.766292,48.91200468,2.25954307
538,3022.417716,1535.375674,48.91195413,2.251674509
172,3022.386239,1065.871807,48.91195399,2.241423631
77,3009.51681,1693.632701,48.91189928,2.255129801
176,2997.167564,1764.971252,48.91184678,2.256687366
78,2992.593945,1757.655009,48.91182734,2.256527628
69,2988.456203,1099.675887,48.91180975,2.24216169
173,2983.846841,1088.041289,48.91179015,2.241907667
175,2978.285393,1827.034254,48.91176651,2.258042414
249,2964.60437,1691.151904,48.91170835,2.255075637
192,2962.472353,818.0920305,48.91169928,2.23601375
75,2961.026368,1715.153091,48.91169314,2.255599665
507,2928.224772,1921.415179,48.91155369,2.260103073
76,2926.366416,1677.153051,48.91154579,2.254769994
539,2914.293481,1163.167811,48.91149446,2.243547936
511,2914.057094,1185.514131,48.91149346,2.244035833
250,2912.147501,1746.621932,48.91148534,2.256286738
512,2902.8756,1174.332637,48.91144592,2.243791703
256,2889.389289,1723.86372,48.91138859,2.255789848
600,2876.455932,1915.160963,48.9113336,2.259966522
177,2858.245825,1680.012962,48.91125619,2.254832436
326,2836.739952,585.7305454,48.91116476,2.230940504
604,2835.747607,1897.682133,48.91116054,2.259584899
341,2832.987952,1210.215989,48.91114881,2.244575159
536,2829.050115,1522.442938,48.91113207,2.251392143
603,2819.152552,1921.738695,48.91108999,2.260110136
601,2816.481743,1931.650529,48.91107864,2.260326546
325,2810.484103,642.6683468,48.91105314,2.232183651
504,2802.110906,1484.400785,48.91101754,2.250561552
602,2800.540856,1958.29705,48.91101087,2.26090833
327,2788.181442,597.8809157,48.91095832,2.231205788
605,2781.573019,1903.517074,48.91093023,2.259712296
257,2776.932733,1764.303603,48.9109105,2.256672789
535,2774.126558,1493.807905,48.91089857,2.250766942
20,2768.245478,1093.299783,48.91087357,2.242022478
533,2767.52771,1497.963453,48.91087052,2.250857672
21,2767.334135,1073.216504,48.9108697,2.241583991
258,2767.072005,1803.909369,48.91086858,2.257537519
534,2760.753354,1439.806983,48.91084172,2.249587917
174,2755.040826,1729.704402,48.91081743,2.25591737
237,2752.335534,1137.756165,48.91080593,2.242993113
109,2748.084084,542.4770861,48.91078786,2.229996132
520,2744.588001,469.193216,48.910773,2.228396095
606,2742.939526,1919.085737,48.91076599,2.260052213
239,2739.189626,1034.671175,48.91075005,2.240742415
597,2733.26851,1793.267244,48.91072487,2.257305165
519,2732.113185,437.2871168,48.91071996,2.227699475
607,2732.103249,1942.125808,48.91071992,2.260555257
598,2721.565228,1757.366572,48.91067512,2.25652133
238,2719.18796,1172.062902,48.91066501,2.243742147
503,2718.929824,1437.306371,48.91066392,2.24953332
521,2715.123641,481.3673192,48.91064774,2.228661897
164,2708.123938,521.8817975,48.91061798,2.229546467
108,2706.889037,532.7607171,48.91061273,2.229783991
19,2703.557181,1064.016905,48.91059856,2.241383133
342,2698.86414,1137.77879,48.91057861,2.242993607
110,2697.394927,556.2972896,48.91057237,2.230297875
193,2688.216535,120.7455895,48.91053335,2.22078829
191,2683.284488,1558.552567,48.91051238,2.252180539
22,2682.471696,1082.768516,48.91050892,2.241792544
330,2680.722027,562.8725417,48.91050148,2.230441435
518,2678.573772,378.1959082,48.91049235,2.226409312
599,2676.015149,1717.623867,48.91048147,2.255653611
23,2675.100288,1099.292894,48.91047759,2.242153328
66,2670.764853,562.5052794,48.91045915,2.230433416
163,2670.070195,554.3912566,48.9104562,2.23025626
24,2661.754382,1140.9139,48.91042085,2.243062057
505,2656.153399,1740.948426,48.91039704,2.256162866
612,2655.866304,2009.137417,48.91039582,2.26201835
115,2649.495979,506.8463383,48.91036873,2.229218191
531,2647.839076,1394.502303,48.91036169,2.24859876
506,2645.709459,1905.386033,48.91035264,2.259753102
689,2645.479586,1758.91607,48.91035166,2.256555161
116,2643.584307,565.444027,48.9103436,2.230497579
532,2643.333363,1397.372718,48.91034254,2.248661431
223,2634.000573,699.1381416,48.91030286,2.23341658
611,2633.080134,2047.328671,48.91029895,2.262852196
517,2632.765522,351.8189412,48.91029761,2.225833412
65,2632.259392,443.054645,48.91029546,2.2278254
526,2631.733846,1760.480551,48.91029322,2.256589319
524,2629.774616,1772.863492,48.91028489,2.256859681
331,2626.928455,551.8000337,48.91027279,2.230199684
530,2626.817395,1467.895072,48.91027232,2.250201176
608,2623.486422,1994.179656,48.91025816,2.261691771
168,2622.39355,1077.516969,48.91025351,2.241677885
609,2621.16763,2026.705108,48.9102483,2.262401913
114,2619.137501,507.9665381,48.91023967,2.229242649
328,2618.207304,612.7816706,48.91023572,2.231531122
527,2615.104522,1752.702581,48.91022253,2.256419499
528,2614.309218,1688.472568,48.91021915,2.255017138
112,2612.624229,537.4288987,48.91021198,2.229885913
167,2604.453806,1127.031537,48.91017725,2.242758958
502,2600.940487,1380.386781,48.91016231,2.24829057
111,2596.935295,586.2493267,48.91014528,2.23095183
610,2590.609538,2002.922285,48.91011839,2.261882652
64,2587.357451,464.8234468,48.91010457,2.228300688
113,2583.271977,539.5553257,48.9100872,2.22993234
224,2575.090149,748.1546156,48.91005241,2.234486777
165,2573.125034,1019.254545,48.91004406,2.240405817
529,2566.897609,1427.153221,48.91001759,2.249311642
329,2559.362323,497.7247633,48.90998555,2.229019036
25,2554.996091,1038.935341,48.90996699,2.240835516
488,2554.850268,2036.598648,48.90996637,2.262617922
166,2552.413811,1065.997633,48.90995601,2.241426379
496,2532.00124,1575.157803,48.90986923,2.252543089
10,2529.612792,710.0949709,48.90985908,2.233655805
587,2525.975348,1635.941491,48.90984361,2.253870205
516,2523.106224,583.5950454,48.90983142,2.230893878
694,2521.361443,2059.510256,48.909824,2.263118161
227,2512.91598,778.1680051,48.9097881,2.235142072
340,2507.801427,1671.566449,48.90976635,2.25464802
9,2506.83004,693.2131223,48.90976222,2.233287216
11,2506.568501,718.0304211,48.90976111,2.233829063
522,2502.30872,1120.752954,48.909743,2.242621875
588,2496.965713,1641.776098,48.90972029,2.253997594
225,2495.643919,736.1626965,48.90971467,2.234224953
513,2482.469821,1012.085333,48.90965866,2.240249288
589,2480.322653,1655.137803,48.90964953,2.254289326
344,2479.17808,460.6163571,48.90964467,2.228208832
688,2473.217004,1060.307498,48.90961932,2.241302143
489,2472.738584,2007.229019,48.90961729,2.261976683
495,2467.220648,1651.947988,48.90959383,2.254219681
515,2464.030746,963.1113845,48.90958027,2.23918002
334,2462.957304,881.1057675,48.90957571,2.237389556
586,2462.417076,1537.538975,48.90957341,2.251721741
343,2461.172012,511.1509695,48.90956812,2.229312176
197,2457.909493,1222.795322,48.90955425,2.244849809
596,2457.252082,1775.315786,48.90955145,2.256913223
455,2453.602954,579.9068686,48.90953594,2.230813353
226,2451.27765,736.7659679,48.90952605,2.234238124
16,2450.523727,778.5284843,48.90952285,2.235149943
332,2449.025285,862.6767942,48.90951648,2.236987188
698,2446.386976,1062.937794,48.90950526,2.241359572
540,2442.89602,1005.028171,48.90949042,2.240095206
198,2438.326453,1191.969897,48.90947099,2.244176785
359,2433.986292,1546.981176,48.90945254,2.251927896
260,2430.704665,1991.551366,48.90943859,2.261634386
259,2428.568298,2053.924361,48.90942951,2.262996202
690,2426.378273,1881.250158,48.9094202,2.259226133
18,2424.710285,845.6542666,48.90941311,2.236615528
590,2422.229441,1687.058885,48.90940256,2.254986272
490,2420.70162,1871.915127,48.90939607,2.259022317
456,2409.947402,561.3449064,48.90935035,2.230408082
12,2409.884391,701.0085042,48.90935008,2.233457416
693,2408.983994,1949.908704,48.90934625,2.260725184
14,2406.753054,774.5889077,48.90933677,2.235063928
17,2405.728398,882.7309597,48.90933241,2.23742504
13,2404.523015,738.4286754,48.90932729,2.234274427
581,2404.201631,959.1364982,48.90932592,2.239093234
594,2396.765077,1567.708645,48.90929431,2.252380448
457,2396.564055,573.0551506,48.90929345,2.230663756
592,2396.100926,1664.801952,48.90929148,2.254500327
514,2393.51248,970.3182501,48.90928048,2.23933737
497,2393.319241,1475.33837,48.90927966,2.250363689
591,2392.219722,1660.920749,48.90927498,2.254415587
333,2389.260207,901.844706,48.9092624,2.237842358
523,2385.0742,1006.294331,48.9092446,2.240122851
580,2382.830407,986.4477253,48.90923507,2.239689532
494,2381.486061,1777.181617,48.90922935,2.25695396
261,2375.933318,1968.258697,48.90920574,2.261125827
691,2367.756417,1914.232923,48.90917098,2.25994626
246,2367.675446,1123.844957,48.90917064,2.242689384
15,2361.522979,735.2597353,48.90914448,2.234205238
245,2359.239275,1146.887465,48.90913477,2.243192481
541,2358.609548,1044.587814,48.9091321,2.240958929
28,2358.050035,1263.868956,48.90912972,2.245746587
234,2357.892133,771.5436425,48.90912905,2.23499744
593,2355.430427,1573.80088,48.90911858,2.252513462
487,2354.740165,2091.871123,48.90911565,2.26382471
29,2348.090771,1236.935778,48.90908738,2.245158544
595,2347.74197,1739.365743,48.9090859,2.25612831
478,2335.582949,2083.817497,48.9090342,2.263648872
244,2332.260866,1254.817679,48.90902008,2.245548967
486,2328.310251,2048.785823,48.90900329,2.26288401
55,2327.10453,1266.635255,48.90899816,2.245806985
228,2326.288241,897.3331429,48.90899469,2.237743855
26,2320.392881,1227.779793,48.90896963,2.244958637
56,2318.68739,1177.272943,48.90896238,2.2438559
692,2318.310376,1859.235086,48.90896077,2.258745468
579,2304.605413,891.9952473,48.90890251,2.237627311
27,2299.217638,1189.630636,48.90887961,2.24412571
454,2295.136392,518.2298698,48.90886225,2.229466733
493,2294.389514,1665.101991,48.90885908,2.254506878
233,2293.810409,754.6799363,48.90885662,2.234629247
492,2277.606209,1762.130487,48.90878773,2.256625343
614,2276.370158,2026.478482,48.90878247,2.262396965
60,2270.051277,1301.769561,48.90875561,2.246574087
59,2266.414518,1217.187628,48.90874015,2.244727374
613,2265.372668,2046.453653,48.90873572,2.262833091
525,2265.150602,1671.239754,48.90873478,2.254640887
53,2256.922202,1515.736667,48.9086998,2.251245722
498,2255.625262,1506.974144,48.90869428,2.251054406
243,2255.417385,1173.477243,48.9086934,2.243773027
147,2253.855019,1866.416691,48.90868676,2.258902268
360,2252.721695,1608.52571,48.90868194,2.253271624
458,2251.654975,901.3394932,48.9086774,2.237831328
491,2251.036536,1868.803898,48.90867477,2.258954388
358,2248.879734,1677.16175,48.9086656,2.254770184
242,2246.469648,1126.305396,48.90865536,2.242743104
31,2238.496408,1175.110714,48.90862146,2.243808691
316,2238.3265,1472.06143,48.90862074,2.250292142
54,2234.983302,1574.74294,48.90860653,2.252534031
459,2230.891377,924.7884115,48.90858913,2.238343298
57,2229.785029,1155.041324,48.90858443,2.243370507
35,2229.75665,1168.010945,48.90858431,2.243653679
615,2226.773156,1961.395149,48.90857162,2.260975973
315,2221.133795,1531.316945,48.90854765,2.251585893
577,2220.396493,927.279616,48.90854451,2.238397689
30,2219.127821,1153.380059,48.90853912,2.243334236
317,2215.72967,1449.4646,48.90852467,2.249798776
616,2214.863956,1943.678576,48.90852099,2.260589159
148,2212.3483,1889.419334,48.9085103,2.259404494
582,2211.81884,1475.76964,48.90850805,2.250373105
479,2209.03016,2018.334455,48.90849619,2.262219153
34,2207.419276,1148.03564,48.90848935,2.243217549
578,2207.414751,906.9217455,48.90848933,2.237953207
49,2203.649232,1554.651256,48.90847332,2.252095361
583,2202.516609,1416.309732,48.9084685,2.249074891
453,2202.119983,486.1550378,48.90846682,2.228766429
229,2197.284021,889.7466826,48.90844626,2.237578217
62,2186.559684,1157.569088,48.90840067,2.243425697
7,2185.60617,706.8655049,48.90839661,2.233585294
322,2185.17526,1812.927414,48.90839478,2.257734413
61,2185.163763,1237.118341,48.90839473,2.24516253
499,2183.25366,1392.964078,48.90838661,2.248565176
146,2182.471095,1826.511447,48.90838328,2.258030999
50,2180.870356,1450.927206,48.90837648,2.249830709
314,2180.786833,1607.551615,48.90837612,2.253250356
58,2179.421176,1196.86503,48.90837032,2.244283662
52,2176.036661,1501.521869,48.90835593,2.250935364
37,2173.863807,1243.055428,48.90834669,2.245292157
32,2170.544626,1181.358676,48.90833258,2.243945105
318,2169.040124,1405.023531,48.90832618,2.248828475
617,2164.871182,1924.658462,48.90830846,2.260173885
319,2162.347868,1687.288038,48.90829773,2.254991276
33,2161.614157,1176.430263,48.90829461,2.243837501
232,2156.118089,871.0655214,48.90827125,2.237170343
480,2152.867967,2059.328677,48.90825743,2.263114197
695,2146.409046,2103.718392,48.90822997,2.264083376
247,2144.773347,1148.275333,48.90822302,2.243222783
231,2143.09049,914.2498479,48.90821587,2.238113205
36,2139.180326,1206.009878,48.90819924,2.244483325
448,2130.999807,559.6217413,48.90816446,2.230370459
618,2130.405412,1897.935858,48.90816194,2.259590439
63,2129.0158,1166.695947,48.90815603,2.243624968
51,2128.087809,1464.815402,48.90815209,2.250133936
235,2127.757552,667.3237757,48.90815068,2.232721963
449,2126.973994,616.5375052,48.90814735,2.231613125
321,2125.695403,1784.926236,48.90814191,2.257123052
452,2117.826296,486.7015862,48.90810846,2.228778362
450,2117.205478,621.1081836,48.90810582,2.231712919
118,2116.810666,1745.96093,48.90810414,2.256272306
481,2111.169989,1956.560952,48.90808016,2.260870425
117,2105.93288,1799.592506,48.9080579,2.257443267
248,2104.244109,1152.715635,48.90805072,2.24331973
8,2096.755978,662.2720871,48.90801889,2.232611667
215,2093.840826,1470.781814,48.90800649,2.250264203
230,2090.111028,924.2277429,48.90799064,2.238331056
119,2088.482083,1749.111025,48.90798371,2.256341083
619,2087.522775,1889.897463,48.90797963,2.259414933
38,2084.147152,1227.538515,48.90796528,2.244953369
150,2077.368372,1807.689081,48.90793646,2.257620043
149,2077.357881,1737.115388,48.90793642,2.256079177
447,2076.341749,567.1001929,48.9079321,2.230533739
620,2070.383566,1866.950881,48.90790677,2.258913931
624,2070.27897,1955.39928,48.90790632,2.260845062
84,2067.282652,1797.244304,48.90789359,2.257391997
630,2056.633013,2115.053338,48.90784831,2.264330857
629,2053.809749,2058.027919,48.90783631,2.263085797
622,2047.874655,1860.896195,48.90781108,2.258781736
451,2047.833857,472.8709929,48.9078109,2.228476393
86,2047.559977,1700.651938,48.90780974,2.255283055
627,2047.214747,2009.766708,48.90780827,2.262032089
621,2046.964288,1855.14635,48.90780721,2.258656197
236,2046.797966,647.0730699,48.9078065,2.232279821
196,2045.464032,1251.051361,48.90780083,2.245466735
216,2039.150972,1440.825208,48.90777399,2.249610148
320,2036.178857,1737.791579,48.90776136,2.256093941
623,2033.878539,1913.191475,48.90775158,2.259923521
628,2031.556079,1999.915414,48.9077417,2.261817002
545,2030.565598,567.2000191,48.90773749,2.230535919
83,2025.336905,1694.814526,48.90771526,2.255155605
631,2022.306434,2070.079907,48.90770238,2.263348933
625,2018.639597,2002.485262,48.90768679,2.26187311
85,2016.605648,1750.642783,48.90767814,2.256374527
214,2013.589229,1493.960161,48.90766532,2.250770266
500,2010.191529,1536.354271,48.90765088,2.251695875
446,2008.695857,572.3452069,48.90764452,2.230648256
501,2008.425432,1592.882022,48.90764337,2.252930069
475,2006.956012,2071.642884,48.90763712,2.263383058
626,2004.583982,1982.622273,48.90762704,2.261439433
262,1999.500002,1738.232087,48.90760542,2.256103559
485,1995.885224,1880.138753,48.90759006,2.259201867
477,1993.717104,2122.24962,48.90758084,2.264487976
474,1986.815118,1998.759936,48.9075515,2.261791774
445,1985.548157,542.0279095,48.90754611,2.229986325
585,1979.129445,1613.361917,48.90751882,2.253377215
632,1974.583703,2048.490358,48.9074995,2.262877559
584,1974.316709,1567.242859,48.90749836,2.252370278
304,1974.258665,1010.455856,48.90749812,2.240213711
311,1962.599658,1240.024661,48.90744855,2.245225985
484,1960.580801,1803.195866,48.90743997,2.25752194
195,1960.481274,1240.268345,48.90743954,2.245231305
213,1943.795592,1475.881496,48.90736861,2.250375547
305,1943.795107,1025.257064,48.90736861,2.240536872
263,1937.028224,1702.742034,48.90733984,2.255328689
634,1932.873524,2019.833861,48.90732218,2.26225189
633,1932.669552,2008.511998,48.90732131,2.262004695
476,1930.899516,2059.432032,48.90731378,2.263116453
483,1927.228104,1739.308296,48.90729818,2.256127056
194,1903.603798,1257.590611,48.90719774,2.245609509
635,1894.550029,2011.515131,48.90715925,2.262070263
636,1893.451054,2013.319843,48.90715458,2.262109666
303,1884.60015,1071.445303,48.90711695,2.24154532
482,1878.600716,1854.458865,48.90709145,2.258641187
206,1876.202146,1879.665533,48.90708125,2.259191535
162,1875.348464,1115.501179,48.90707762,2.242507211
124,1872.952766,1978.780162,48.90706744,2.261355547
161,1869.544212,1039.133725,48.90705295,2.240839848
181,1865.28303,1810.160169,48.90703483,2.257673995
180,1860.202213,1735.081339,48.90701323,2.256034767
441,1859.341772,740.6939188,48.90700957,2.234323885
201,1859.238418,1354.45263,48.90700913,2.247724339
324,1852.487877,1423.813036,48.90698043,2.249238714
202,1851.613062,1483.422253,48.90697672,2.250540187
203,1848.504199,1787.653483,48.9069635,2.257182597
460,1843.159473,752.1444271,48.90694078,2.234573888
153,1832.95633,1398.277801,48.9068974,2.248681193
152,1830.761847,1315.138145,48.90688807,2.246865969
151,1830.229196,1385.168696,48.90688581,2.248394976
440,1828.17265,855.3066092,48.90687706,2.236826272
569,1827.511003,712.6954819,48.90687425,2.233712583
335,1827.242616,1937.516536,48.90687311,2.260454621
125,1823.97659,1994.313348,48.90685922,2.26169469
573,1822.994649,870.6549286,48.90685505,2.237161378
154,1820.477678,1456.362351,48.90684435,2.249949377
123,1817.530891,1954.836965,48.90683182,2.260832785
312,1815.761862,1113.423158,48.9068243,2.24246184
575,1814.373362,792.6980291,48.9068184,2.235459312
207,1812.027189,1865.648253,48.90680842,2.25888549
574,1808.610048,825.2905861,48.9067939,2.23617092
444,1808.564663,653.0232415,48.9067937,2.232409734
160,1802.946423,1044.487201,48.90676982,2.240956732
437,1801.91521,727.4798737,48.90676544,2.234035377
159,1798.361054,1110.465034,48.90675033,2.242397254
306,1790.205679,1145.981835,48.90671566,2.243172708
542,1787.439101,899.5937044,48.90670389,2.237793211
189,1782.533866,1095.293733,48.90668304,2.242066013
132,1780.567081,1119.663807,48.90667468,2.242598095
439,1778.482997,845.049741,48.90666582,2.23660233
182,1774.763456,1719.640596,48.90665001,2.255697643
323,1771.667981,1368.345645,48.90663685,2.248027671
188,1768.376477,1151.134357,48.90662285,2.243285205
438,1765.03984,768.2751412,48.90660867,2.234926077
576,1764.442116,682.2825266,48.90660613,2.233048564
158,1761.418807,1424.285204,48.90659327,2.249249023
183,1757.168552,1803.227158,48.90657521,2.257522624
568,1754.11768,782.766999,48.90656224,2.235242484
155,1751.516327,1486.33399,48.90655118,2.250603761
157,1747.880636,1340.183832,48.90653572,2.247412802
121,1746.771169,1710.944512,48.906531,2.255507777
567,1743.570102,822.7112938,48.90651739,2.236114605
156,1741.081702,1405.336163,48.90650682,2.248835301
135,1737.41962,1155.213042,48.90649125,2.243374256
120,1735.544875,1764.227579,48.90648328,2.256671129
543,1734.741469,894.2489983,48.90647986,2.237676518
131,1734.550902,1138.15699,48.90647905,2.243001864
205,1731.286873,1928.004838,48.90646518,2.260246948
136,1730.479558,1212.782342,48.90646174,2.244631191
442,1727.726762,716.6228682,48.90645004,2.233798331
313,1725.590166,1072.717957,48.90644096,2.241573106
571,1721.900888,840.7160156,48.90642527,2.236507709
122,1710.984247,1706.636269,48.90637886,2.255413714
133,1710.744978,1081.320383,48.90637785,2.241760927
210,1705.519593,1880.151892,48.90635563,2.259202154
443,1702.270059,737.7685475,48.90634182,2.234260014
461,1700.87645,918.154088,48.90633589,2.238198448
204,1697.148212,1749.148349,48.90632004,2.256341898
211,1695.51125,1917.350775,48.90631308,2.260014333
184,1691.340014,1791.01114,48.90629535,2.257255906
436,1689.679087,824.5242961,48.90628829,2.236154189
637,1685.694559,2021.147814,48.90627135,2.262280578
187,1683.219503,1065.977383,48.90626083,2.241425936
570,1682.917086,759.3964583,48.90625954,2.234732225
134,1682.288977,1131.561078,48.90625687,2.242857853
179,1676.907792,1853.082841,48.906234,2.258611144
433,1672.841849,839.6276138,48.90621671,2.236483946
186,1671.99382,1155.933167,48.9062131,2.243389979
572,1670.846924,858.6536525,48.90620823,2.23689935
307,1669.510607,1178.183201,48.90620255,2.243875774
471,1667.50446,1981.515062,48.90619402,2.261415259
295,1660.285444,1399.202948,48.90616333,2.248701392
472,1652.395994,2030.25224,48.90612979,2.262479359
642,1649.013475,1976.880459,48.90611541,2.26131407
302,1645.190446,1083.865027,48.90609916,2.241816485
643,1642.606241,1947.737358,48.90608817,2.260677776
129,1637.615106,1044.166143,48.90606695,2.240949722
640,1632.44432,2019.641276,48.90604497,2.262247685
544,1626.299288,871.4063383,48.90601884,2.237177784
434,1624.68829,900.8462623,48.906012,2.237820559
638,1624.683535,1996.984577,48.90601198,2.261753012
209,1623.615209,1848.405185,48.90600743,2.258509015
178,1622.440206,1920.033015,48.90600244,2.260072895
432,1618.85419,726.5983209,48.90598719,2.234016129
435,1614.81032,824.1834933,48.90597,2.236146748
639,1611.781263,1989.570273,48.90595712,2.261591132
293,1607.836845,1528.42706,48.90594036,2.251522797
185,1605.542648,1143.094515,48.9059306,2.243109668
212,1597.614606,1934.521742,48.9058969,2.260389234
641,1596.956404,1936.583321,48.9058941,2.260434245
44,1594.373146,1231.880929,48.90588312,2.245048179
130,1588.274172,1059.334571,48.90585719,2.241280901
473,1582.290565,1976.802197,48.90583175,2.261312361
357,1578.130284,1898.260899,48.90581406,2.259597536
208,1577.780779,1767.165337,48.90581258,2.256735271
43,1576.115767,1273.962128,48.9058055,2.245966956
294,1570.970041,1524.343052,48.90578362,2.251433629
45,1570.768022,1127.330631,48.90578277,2.242765488
128,1565.226116,1003.255832,48.90575921,2.24005651
299,1561.981322,1349.87705,48.90574541,2.247624438
42,1557.94659,1222.762269,48.90572826,2.244849087
39,1554.381606,1195.749671,48.9057131,2.24425931
298,1552.208489,1414.77614,48.90570386,2.249041408
309,1544.071027,1153.925088,48.90566927,2.243346136
127,1541.982856,1400.477778,48.90566039,2.248729226
644,1535.310893,1900.80966,48.90563203,2.259653184
645,1532.542825,1907.449537,48.90562026,2.259798155
47,1530.674741,1316.582008,48.90561232,2.246897494
308,1526.132681,1034.805275,48.90559301,2.240745343
646,1522.075899,1923.509106,48.90557576,2.26014879
296,1517.236621,1348.842743,48.90555519,2.247601856
46,1512.262642,1135.495994,48.90553404,2.242943766
647,1508.99319,1901.802448,48.90552014,2.25967486
356,1508.341946,1772.260635,48.90551738,2.256846518
190,1506.743978,1242.217528,48.90551058,2.245273862
467,1501.95848,1988.074732,48.90549024,2.261558479
41,1500.542862,1177.541016,48.90548422,2.243861753
126,1498.40431,1421.408594,48.90547513,2.249186217
297,1482.161867,1382.976112,48.90540608,2.248347104
40,1478.82981,1211.744665,48.90539191,2.244608535
310,1473.637221,1137.103801,48.90536984,2.24297887
292,1472.604643,1650.249848,48.90536545,2.254182605
428,1472.3356,487.2972555,48.9053643,2.228791368
355,1471.624589,1832.22779,48.90536128,2.258155807
48,1464.583174,1317.161184,48.90533134,2.246910139
339,1459.572699,1799.939607,48.90531004,2.257450845
419,1450.506753,677.1803223,48.9052715,2.232937165
301,1446.450746,1186.42125,48.90525426,2.244055639
290,1444.242077,1639.875098,48.90524487,2.253956089
468,1437.660591,2020.933258,48.90521689,2.262275893
648,1435.447054,1911.359831,48.90520748,2.25988353
291,1431.302964,1678.650957,48.90518986,2.254802699
649,1430.744516,1926.25718,48.90518749,2.26020879
427,1424.721704,434.9793866,48.90516188,2.22764909
415,1419.737242,573.8242911,48.90514069,2.230680549
418,1416.502879,687.0801945,48.90512694,2.233153313
654,1410.628957,1892.813698,48.90510197,2.259478605
426,1409.621618,455.159097,48.90509769,2.228089682
650,1408.861666,1927.110198,48.90509446,2.260227415
652,1408.768738,1901.929416,48.90509406,2.259677632
300,1408.070551,1269.458815,48.90509109,2.245868633
417,1402.237183,663.406553,48.9050663,2.232636437
653,1382.988578,1841.653455,48.90498446,2.258361601
431,1380.029886,399.695514,48.90497189,2.226878722
469,1372.834739,2058.815616,48.9049413,2.263102995
651,1366.234582,1889.187087,48.90491324,2.259399423
218,1365.779611,801.1155468,48.9049113,2.235643096
662,1356.566419,2018.286121,48.90487214,2.262218097
656,1355.358033,1962.198053,48.904867,2.260993503
658,1353.692353,2031.875961,48.90485992,2.26251481
470,1351.984293,1949.136448,48.90485266,2.260708323
5,1348.929116,830.5604368,48.90483967,2.236285978
655,1346.553295,1940.849387,48.90482957,2.260527388
414,1344.566283,555.1125901,48.90482112,2.230272009
657,1342.169688,2005.457381,48.90481093,2.261938002
659,1339.454815,2043.510273,48.90479939,2.262768827
217,1332.479252,799.2938655,48.90476973,2.235603322
430,1331.455259,485.1841114,48.90476538,2.228745231
425,1325.136302,429.4734405,48.90473852,2.227528876
269,1321.658626,1363.420885,48.90472373,2.247920147
416,1321.04449,604.9497276,48.90472112,2.231360124
660,1318.823199,2035.422584,48.90471168,2.262592245
361,1315.954392,906.356038,48.90469948,2.237940856
413,1308.72624,646.7611955,48.90466875,2.232273012
199,1306.217272,1131.687791,48.90465809,2.24286062
661,1306.068748,2042.268019,48.90465746,2.262741704
429,1303.580927,505.1335029,48.90464688,2.229180794
546,1294.538097,661.7246342,48.90460844,2.232599715
138,1293.72363,1153.617777,48.90460497,2.243339426
6,1291.628004,808.6647431,48.90459607,2.23580792
362,1287.314311,886.7098654,48.90457773,2.237511913
412,1274.058119,674.016132,48.90452137,2.23286808
219,1267.69949,772.7382136,48.90449434,2.235023521
345,1260.326219,1441.26328,48.90446299,2.249619713
137,1245.989181,1170.392689,48.90440204,2.24370568
336,1231.923021,1426.653979,48.90434224,2.249300742
139,1230.876998,1122.249824,48.9043378,2.242654557
4,1230.639975,803.7352945,48.90433679,2.235700294
3,1228.815403,779.7823354,48.90432903,2.235177319
466,1212.305037,937.8253521,48.90425884,2.238627939
352,1205.749497,853.6222168,48.90423097,2.236789496
346,1203.246427,1474.122569,48.90422033,2.250337144
200,1200.436691,1147.324969,48.90420839,2.243202033
2,1197.129516,746.6212229,48.90419433,2.234453298
144,1179.092587,1391.997629,48.90411765,2.248544075
1,1171.091127,739.7607694,48.90408363,2.234303511
145,1156.544954,1400.928674,48.90402179,2.24873907
143,1155.634287,1433.048691,48.90401792,2.24944036
222,1153.647826,705.9045674,48.90400947,2.233564314
270,1149.52616,1512.88764,48.90399195,2.251183518
687,1144.816432,1638.548195,48.90397193,2.253927118
696,1142.903602,1008.608329,48.9039638,2.240173374
463,1141.207948,1016.626733,48.90395659,2.240348443
686,1135.421684,1637.069877,48.90393199,2.253894841
141,1131.353295,1454.433712,48.90391469,2.249907268
420,1111.830227,468.647043,48.9038317,2.22838417
268,1101.786373,1283.695081,48.903789,2.246179459
271,1099.232853,1527.504267,48.90377814,2.251502649
462,1099.119504,944.0034153,48.90377766,2.238762827
347,1097.804818,485.0510656,48.90377207,2.228742326
266,1096.206154,1354.869325,48.90376527,2.247733437
142,1094.594639,1482.184417,48.90375842,2.250513161
464,1094.19684,1022.357679,48.90375673,2.240473569
220,1090.814441,685.7922465,48.90374235,2.233125193
681,1089.475282,1629.809427,48.90373666,2.253736321
221,1089.341159,666.3311481,48.90373609,2.232700291
697,1085.702414,1076.322532,48.90372062,2.241651807
140,1079.412139,1433.971234,48.90369388,2.249460502
424,1078.311151,386.4871109,48.9036892,2.226590337
683,1076.522964,1651.510163,48.90368159,2.254210122
267,1070.681563,1333.770411,48.90365676,2.247272775
272,1065.81817,1550.148165,48.90363609,2.251997043
265,1063.405401,1438.611408,48.90362583,2.249561813
679,1061.310998,1584.916083,48.90361692,2.252756145
465,1054.8598,1049.642181,48.9035895,2.241069283
685,1047.739921,1630.64355,48.90355923,2.253754533
547,1039.036537,655.5362318,48.90352223,2.232464601
680,1034.475906,1590.344179,48.90350284,2.252874659
684,1029.183341,1619.704667,48.90348034,2.253515699
264,1024.558448,1480.901873,48.90346068,2.250485159
421,1022.825682,440.010149,48.90345331,2.227758928
375,1016.235309,1567.696363,48.9034253,2.25238018
682,1013.069568,1555.4416,48.90341184,2.252112616
349,1005.805689,420.0336607,48.90338096,2.227322773
348,1001.827088,505.9941415,48.90336404,2.229199585
410,994.3293176,611.0180324,48.90333217,2.231492616
385,987.1781456,1037.773455,48.90330177,2.240810148
409,981.5826675,592.8075831,48.90327798,2.231095019
386,968.8414375,1119.606399,48.90322381,2.242596842
350,946.8779424,460.038904,48.90313044,2.228196225
351,943.2866284,449.7021589,48.90311517,2.227970538
408,928.497436,548.8286836,48.9030523,2.23013481
423,917.2075814,385.3186161,48.9030043,2.226564825
384,914.6989268,1114.638081,48.90299364,2.242488366
549,910.2861749,420.5696132,48.90297488,2.227334475
98,909.351869,1904.895627,48.9029709,2.259742394
422,906.7876219,440.7874136,48.90296,2.227775899
411,898.7757745,577.3875469,48.90292594,2.230758347
383,887.5586586,970.9542473,48.90287826,2.239351256
548,874.8319184,417.570324,48.90282415,2.22726899
97,846.8589064,1801.962739,48.90270523,2.257495017
382,845.5691467,927.143469,48.90269975,2.238394717
94,840.100032,1888.220837,48.9026765,2.259378327
283,832.762989,1875.458792,48.9026453,2.259099688
289,826.9420673,1976.626421,48.90262056,2.261308523
93,822.1417536,1829.822633,48.90260015,2.258103294
366,821.8961547,1800.764934,48.90259911,2.257468865
677,815.3642073,1838.692621,48.90257134,2.258296956
671,813.0866919,1827.957401,48.90256165,2.25806257
674,802.0661449,1859.014089,48.9025148,2.258740643
81,799.2792917,1958.734729,48.90250296,2.260917886
79,795.9415077,1878.527253,48.90248877,2.259166683
670,794.2868868,1639.03058,48.90248173,2.25393765
665,790.3071576,1677.128085,48.90246481,2.254769449
99,789.5035522,1936.803787,48.9024614,2.260439059
673,785.7767077,1814.021282,48.90244555,2.257758296
82,784.1981301,1883.169535,48.90243884,2.259268039
363,782.2927445,1848.582311,48.90243074,2.258512882
666,775.6014929,1633.719051,48.90240229,2.253821681
80,775.224902,1938.755821,48.90240069,2.260481678
369,772.0743834,1625.275781,48.9023873,2.253637336
95,771.5946419,1908.140481,48.90238526,2.259813241
676,768.354866,1847.421125,48.90237149,2.258487529
672,767.3533331,1790.454113,48.90236723,2.257243744
100,765.0177574,1871.878067,48.9023573,2.259021508
378,761.962818,965.5619891,48.90234431,2.239233525
288,760.3668142,1592.733201,48.90233753,2.25292682
678,758.5888854,1871.159353,48.90232997,2.259005816
668,758.5002287,1611.473992,48.90232959,2.253335995
675,757.4976136,1859.710947,48.90232533,2.258755858
669,751.3110753,1584.224041,48.90229903,2.252741036
273,747.2200438,1992.057055,48.90228164,2.261645427
101,744.3214152,1685.426694,48.90226931,2.254950636
96,743.2072052,1839.313118,48.90226458,2.258310504
389,741.9433795,770.2383008,48.9022592,2.23496894
667,740.5907928,1626.48484,48.90225345,2.253663734
663,739.3885282,1648.327771,48.90224834,2.25414064
558,735.4769523,1134.675883,48.90223171,2.24292586
664,735.1331668,1667.219484,48.90223025,2.25455311
284,733.8678105,1869.502838,48.90222487,2.258969649
388,722.7884071,814.8276524,48.90217777,2.235942478
554,720.7591423,992.2590852,48.90216914,2.239816414
368,719.8116463,1662.255098,48.90216512,2.254444721
561,719.2259263,1483.299544,48.90216263,2.250537508
365,717.9008469,1878.896266,48.90215699,2.259174739
376,709.0042744,1092.908819,48.90211917,2.242013942
551,707.5823118,819.7578701,48.90211313,2.236050121
377,705.5099472,1034.7765,48.90210432,2.240744714
364,705.4820467,1897.438995,48.9021042,2.259579591
285,697.6117802,1865.701775,48.90207074,2.258886658
552,696.3543809,922.1223245,48.90206539,2.238285088
553,695.7851025,875.8210468,48.90206297,2.237274173
278,692.788134,1667.318657,48.90205023,2.254555276
381,688.5446092,941.3179731,48.90203219,2.238704195
550,687.0384794,840.5203596,48.90202579,2.236503438
391,683.1117431,902.6396363,48.9020091,2.237859714
367,680.1676387,1595.292094,48.90199658,2.252982689
559,675.967798,1393.439033,48.90197872,2.248575546
353,671.1896199,1443.28486,48.90195841,2.249663851
562,667.3029208,1458.859995,48.90194189,2.250003909
371,662.9438642,1407.884054,48.90192336,2.24889093
104,654.6735021,1737.942918,48.9018882,2.256097245
279,652.960786,1682.237453,48.90188092,2.254881004
557,650.8592624,992.5243871,48.90187198,2.239822206
560,649.299162,1359.600799,48.90186535,2.247836741
556,647.7318332,1086.76186,48.90185869,2.241879733
555,647.275893,1097.278156,48.90185675,2.24210934
387,646.5373092,804.5873361,48.90185361,2.235718897
282,643.0071763,1790.301906,48.9018386,2.257240421
390,633.5153581,907.6812434,48.90179825,2.23796979
287,630.0345342,1968.24222,48.90178345,2.261125468
87,624.9359324,1918.017979,48.90176177,2.2600289
280,624.3251638,1700.809056,48.90175918,2.255286486
286,623.0061706,1850.105197,48.90175357,2.258546132
277,617.9040994,1633.740945,48.90173188,2.253822159
281,614.4732008,1912.240961,48.90171729,2.259902768
276,613.5614747,1583.666321,48.90171342,2.252728859
337,608.7263076,693.7874036,48.90169286,2.233299755
380,607.2439884,1043.965259,48.90168656,2.240945336
103,606.2478176,1744.263377,48.90168233,2.256235242
354,604.117103,1426.114859,48.90167327,2.249288971
563,602.3143014,1520.534261,48.9016656,2.25135047
379,602.1900278,982.4520397,48.90166508,2.239602292
396,598.0511144,782.974946,48.90164748,2.235247024
338,594.8083402,704.6026837,48.90163369,2.233535889
91,590.1183366,1935.77743,48.90161375,2.26041665
88,589.3999777,1842.042099,48.9016107,2.258370087
90,573.1848345,1953.496982,48.90154177,2.260803528
92,566.5416262,1871.760794,48.90151352,2.259018948
398,564.8016757,724.2277777,48.90150613,2.233964372
399,563.0522825,671.4829254,48.90149869,2.232812772
395,561.4310771,802.8141672,48.9014918,2.235680182
106,560.7283599,1639.572099,48.90148881,2.253949473
564,560.176195,1493.930282,48.90148646,2.250769614
372,560.095171,1480.353018,48.90148612,2.250473176
400,556.1092498,637.2208966,48.90146917,2.232064714
105,553.2253137,1677.801052,48.90145691,2.254784142
565,551.1069339,1452.597833,48.90144791,2.249867185
102,549.3459785,1734.568763,48.90144042,2.256023576
401,543.3372768,608.0575261,48.90141488,2.231427978
89,542.8554327,1882.727654,48.90141283,2.259258392
566,541.867914,1403.926028,48.90140863,2.248804513
392,540.350649,903.7585878,48.90140218,2.237884145
397,535.6651969,764.2994221,48.90138226,2.234839274
394,532.3351155,864.7815255,48.9013681,2.237033142
370,526.9861192,1424.811242,48.90134536,2.249260508
274,514.3306688,1633.433319,48.90129156,2.253815443
393,513.2443749,909.4351089,48.90128694,2.238008083
374,511.20407,1638.185306,48.90127827,2.253919195
275,492.7118703,1601.48794,48.90119965,2.253117966
403,488.5660757,658.9197762,48.90118203,2.232538475
407,485.0391653,815.664309,48.90116703,2.235960745
406,482.7200278,747.7795811,48.90115718,2.234478589
404,472.0955745,740.7976606,48.90111201,2.23432615
373,469.0932351,1575.760612,48.90109924,2.25255625
107,458.8704044,1686.711947,48.90105578,2.254978698
402,456.2388393,577.418347,48.9010446,2.23075902
405,443.1233397,735.501889,48.90098884,2.234210525
