FID,osm_id,code,fclass,name,longitude,latitude,grid
960,3048865611,2561,hairdresser,salon de coiffure,2.226901,48.885737,"0,0"
961,3048865612,2004,post_box, ,2.226876,48.885714,"0,0"
962,3048865613,2305,bar,Le Montalegre,2.226769,48.8857,"0,0"
963,3048865615,2511,convenience, ,2.226678,48.885671,"0,0"
1330,4940881548,2563,car_rental,Rent a Car,2.226407,48.885539,"0,0"
259,1768798727,2301,restaurant,Le P'tit Breton,2.226844,48.894766,"0,10"
951,3024650207,2592,vending_parking, ,2.226158,48.895242,"0,10"
170,1506812685,2561,hairdresser,Biguine,2.226266,48.895894,"0,11"
174,1506812737,2301,restaurant,Les Darons,2.225945,48.895993,"0,11"
656,2304085994,2301,restaurant,O'Ginkgo,2.22683,48.895846,"0,11"
953,3024650216,2902,bench, ,2.226744,48.895421,"0,11"
955,3024650219,2902,bench, ,2.226758,48.895556,"0,11"
956,3024650220,2902,bench, ,2.226695,48.895573,"0,11"
957,3024650221,2906,waste_basket, ,2.226637,48.895578,"0,11"
1356,5308666454,2906,waste_basket, ,2.226782,48.89597,"0,11"
1706,7731663207,2302,fast_food,Spok,2.226442,48.895809,"0,11"
1707,7731666417,2301,restaurant,Jungle Arch,2.226151,48.895902,"0,11"
669,2347599754,2205,playground, ,2.226983,48.888906,"0,3"
1346,5268212085,2561,hairdresser,The Pablo,2.227083,48.888458,"0,3"
1347,5268212086,2502,bakery,Poire de Pains,2.22704,48.888154,"0,3"
1348,5268212087,2511,convenience,Déstockage Alimentaire,2.226866,48.888165,"0,3"
1349,5268212088,2302,fast_food,Mag Bucket,2.226742,48.888475,"0,3"
1870,9355469655,2302,fast_food,Le Dream,2.226963,48.888158,"0,3"
668,2344482872,2903,drinking_water, ,2.225738,48.890962,"0,6"
1872,9355469661,2902,bench, ,2.225747,48.890903,"0,6"
1666,7214191735,2906,waste_basket, ,2.226865,48.892515,"0,7"
1661,7201919165,2205,playground, ,2.226551,48.892908,"0,8"
1662,7201919166,2205,playground, ,2.226515,48.89287,"0,8"
1663,7214161853,2906,waste_basket, ,2.226364,48.893164,"0,8"
1664,7214161854,2903,drinking_water, ,2.226203,48.893149,"0,8"
1665,7214161857,2906,waste_basket, ,2.22651,48.892904,"0,8"
657,2304090305,2906,waste_basket, ,2.226054,48.893822,"0,9"
658,2304090310,2592,vending_parking, ,2.226201,48.89389,"0,9"
659,2304090323,2592,vending_parking, ,2.225758,48.893919,"0,9"
660,2304090330,2004,post_box, ,2.225709,48.893935,"0,9"
1660,7198347741,2031,recycling_glass, ,2.225833,48.893897,"0,9"
1189,4230210912,2701,tourist_info,Affichage Libre,2.227205,48.887195,"1,1"
175,1506812747,2301,restaurant,Lunivia,2.22719,48.894672,"1,10"
950,3020757911,2301,restaurant,Le Piano,2.227159,48.894472,"1,10"
959,3046564818,2725,artwork,Fresques,2.227582,48.894936,"1,10"
1218,4230213214,2031,recycling_glass, ,2.22752,48.894868,"1,10"
1336,5268212075,2301,restaurant,Yoshi Sushi,2.227241,48.894564,"1,10"
1705,7731594918,2541,car_dealership,Toyota,2.228396,48.895336,"1,10"
176,1506812925,2101,pharmacy,Parapharmacie Les Terrasses de l'Arche,2.227806,48.895402,"1,11"
958,3024650222,2301,restaurant,Les Bambins,2.227132,48.895618,"1,11"
1188,4230210661,2906,waste_basket, ,2.227377,48.887524,"1,2"
1190,4230210914,2701,tourist_info,Affichage Libre,2.227402,48.887541,"1,2"
1194,4230210921,2302,fast_food,Burger’ppétit,2.227397,48.887722,"1,2"
1195,4230210933,2302,fast_food,Pizz' Appétit,2.227388,48.887635,"1,2"
1204,4230211600,2906,waste_basket, ,2.227395,48.887779,"1,2"
1868,9355469653,2083,kindergarten,Accueil familial Amitié-Rosiers,2.22773,48.88795,"1,2"
1208,4230211799,2902,bench, ,2.227844,48.888201,"1,3"
1209,4230211867,2902,bench, ,2.228457,48.888497,"1,3"
1344,5268212083,2031,recycling_glass, ,2.227264,48.888222,"1,3"
1345,5268212084,2302,fast_food,Le Pica,2.22718,48.888506,"1,3"
1869,9355469654,2511,convenience,Chez Baba,2.227546,48.888477,"1,3"
670,2347599757,2721,attraction,Serpent,2.22838,48.889302,"1,4"
671,2347599757,2723,monument,Serpent,2.22838,48.889302,"1,4"
12,203902533,2201,theatre,Théatre par le Bas,2.22728,48.890433,"1,5"
931,2958486859,2902,bench, ,2.228082,48.890166,"1,5"
932,2958486860,2902,bench, ,2.228025,48.890173,"1,5"
934,2958486890,2906,waste_basket, ,2.227882,48.890491,"1,5"
935,2958486896,2906,waste_basket, ,2.227944,48.890552,"1,5"
936,2958488766,2701,tourist_info,panneau administratif,2.227973,48.890498,"1,5"
22,240505455,2012,community_centre,Salle polyvalente Espace Gorki,2.228218,48.891102,"1,6"
1215,4230212629,2592,vending_parking, ,2.227986,48.892009,"1,7"
1216,4230212724,2592,vending_parking, ,2.227553,48.892472,"1,7"
1671,7216259376,2902,bench, ,2.228062,48.892169,"1,7"
1672,7216259377,2902,bench, ,2.228431,48.891916,"1,7"
946,3020735484,2902,bench, ,2.227627,48.89284,"1,8"
947,3020735487,2902,bench, ,2.227619,48.892866,"1,8"
948,3020735489,2902,bench, ,2.22758,48.892973,"1,8"
949,3020735490,2902,bench, ,2.227576,48.892999,"1,8"
1212,4230212444,2906,waste_basket, ,2.227115,48.894211,"1,9"
1213,4230212445,2592,vending_parking, ,2.227107,48.894214,"1,9"
1410,5543528832,2907,camera_surveillance, ,2.227512,48.894325,"1,9"
290,1854959700,2907,camera_surveillance, ,2.240865,48.894798,"10,10"
1594,6776938403,2906,waste_basket, ,2.24061,48.895179,"10,10"
303,1879237395,2907,camera_surveillance, ,2.240062,48.895799,"10,11"
304,1879237460,2907,camera_surveillance, ,2.240031,48.895992,"10,11"
338,1923568246,2907,camera_surveillance, ,2.23985,48.895857,"10,11"
339,1923568269,2907,camera_surveillance, ,2.239991,48.895953,"10,11"
340,1923568276,2907,camera_surveillance, ,2.239797,48.895944,"10,11"
341,1923568277,2907,camera_surveillance, ,2.239842,48.895771,"10,11"
342,1923568278,2907,camera_surveillance, ,2.239833,48.895852,"10,11"
343,1923568279,2907,camera_surveillance, ,2.239854,48.895765,"10,11"
358,1925167449,2907,camera_surveillance, ,2.239935,48.895771,"10,11"
1627,7017440222,2121,dentist,Dental Santé,2.240729,48.895988,"10,11"
255,1732342194,2301,restaurant,La Table des Artistes,2.239816,48.896902,"10,12"
305,1879237466,2907,camera_surveillance, ,2.239968,48.896425,"10,12"
392,1932117199,2907,camera_surveillance, ,2.239858,48.896473,"10,12"
393,1932117216,2907,camera_surveillance, ,2.239843,48.896421,"10,12"
464,1947638506,2511,convenience,Alimentation Générale,2.240445,48.896947,"10,12"
465,1948028816,2502,bakery,Boulangerie Patisserie Traiteur,2.240523,48.896481,"10,12"
1626,7017422976,2302,fast_food,Friends & Fries,2.240532,48.896371,"10,12"
1652,7178292986,2902,bench, ,2.240398,48.896619,"10,12"
1655,7178293085,2906,waste_basket, ,2.24033,48.897073,"10,12"
1657,7178293185,2902,bench, ,2.240393,48.89667,"10,12"
1760,7994868374,2502,bakery,Boulangerie Faubourg de l'Arche,2.239827,48.897099,"10,12"
1467,5998658666,2906,waste_basket, ,2.240255,48.888418,"10,3"
1468,5998658667,2004,post_box, ,2.240127,48.888418,"10,3"
128,1215386256,2004,post_box, ,2.239869,48.890555,"10,5"
177,1506812949,2601,bank,Société Générale,2.240657,48.890364,"10,5"
1159,4084765689,2519,optician,Grand Optical,2.240042,48.890215,"10,5"
10,202289608,2601,bank,BNP Paribas,2.240721,48.891665,"10,6"
127,1215374962,2004,post_box, ,2.240314,48.891271,"10,6"
371,1930392199,2907,camera_surveillance, ,2.240857,48.891466,"10,6"
372,1930392233,2907,camera_surveillance, ,2.240043,48.89172,"10,6"
617,2128086747,2593,vending_any, ,2.240322,48.891269,"10,6"
618,2128086749,2593,vending_any, ,2.240459,48.891347,"10,6"
678,2402805079,2301,restaurant,Cojean,2.24095,48.891677,"10,6"
1459,5995438243,2592,vending_parking, ,2.240814,48.891119,"10,6"
1460,5995438244,2592,vending_parking, ,2.240814,48.891137,"10,6"
146,1355008382,2901,toilet, ,2.240184,48.892496,"10,7"
147,1355008423,2602,atm, ,2.240009,48.892554,"10,7"
321,1911378516,2907,camera_surveillance, ,2.24073,48.892477,"10,7"
322,1911378517,2907,camera_surveillance, ,2.240731,48.892469,"10,7"
323,1911378518,2907,camera_surveillance, ,2.240721,48.89247,"10,7"
324,1911378519,2907,camera_surveillance, ,2.240444,48.892137,"10,7"
325,1911378520,2907,camera_surveillance, ,2.240416,48.892336,"10,7"
326,1911378521,2907,camera_surveillance, ,2.240988,48.891788,"10,7"
481,1955771731,2907,camera_surveillance, ,2.240161,48.892506,"10,7"
482,1955771744,2907,camera_surveillance, ,2.240129,48.892516,"10,7"
483,1955771794,2907,camera_surveillance, ,2.240035,48.892562,"10,7"
484,1955771800,2907,camera_surveillance, ,2.239956,48.892579,"10,7"
485,1955771807,2907,camera_surveillance, ,2.239876,48.892595,"10,7"
1463,5996489622,2701,tourist_info, ,2.240965,48.891887,"10,7"
1464,5996489623,2701,tourist_info, ,2.240944,48.891894,"10,7"
319,1911378512,2907,camera_surveillance, ,2.24066,48.893,"10,8"
320,1911378513,2907,camera_surveillance, ,2.240659,48.892992,"10,8"
1820,8992199021,2907,camera_surveillance, ,2.24056,48.893454,"10,8"
310,1888048180,2907,camera_surveillance, ,2.240404,48.894045,"10,9"
489,1955771883,2907,camera_surveillance, ,2.239852,48.893592,"10,9"
695,2696736170,2561,hairdresser,Queen's Hair,2.242411,48.885513,"11,0"
1098,3227787499,2529,beauty_shop,Espace Epilation,2.242482,48.88554,"11,0"
1099,3227787500,2529,beauty_shop,La Griffe,2.242297,48.885478,"11,0"
1318,4532161701,2082,school,école élémentaire République,2.24157,48.885688,"11,0"
32,442157566,2903,drinking_water, ,2.241902,48.894587,"11,10"
1369,5442713011,2902,bench, ,2.242,48.894725,"11,10"
1370,5442713012,2902,bench, ,2.24184,48.89468,"11,10"
1658,7178293186,2906,waste_basket, ,2.241698,48.896966,"11,12"
1325,4885344321,2120,doctors,Emeric Goubely - Ostéopathe Puteaux,2.241654,48.887941,"11,2"
1472,5999671205,2725,artwork, ,2.242363,48.888468,"11,3"
1475,6003208961,2907,camera_surveillance, ,2.241811,48.889896,"11,4"
1624,7010858668,2120,doctors,Point Vision,2.242467,48.889587,"11,4"
117,1157085175,2722,museum,Musée de la Défense,2.242299,48.890773,"11,5"
178,1506814063,2004,post_box, ,2.242341,48.890022,"11,5"
542,1977370892,2907,camera_surveillance, ,2.242012,48.890836,"11,5"
1465,5997589491,2701,tourist_info,Centre - Grande Arche,2.241931,48.890757,"11,5"
9,202289605,2001,police,Police nationale,2.242212,48.891299,"11,6"
14,204128499,2701,tourist_info,EPAD Info,2.24238,48.89084,"11,6"
45,592647598,2601,bank,HSBC,2.24185,48.891482,"11,6"
171,1506812702,2601,bank,CIC,2.242119,48.891151,"11,6"
579,1999941059,2907,camera_surveillance, ,2.242407,48.891667,"11,6"
616,2128086741,2593,vending_any, ,2.242345,48.890864,"11,6"
1466,5997590257,2701,tourist_info, ,2.242024,48.890938,"11,6"
15,205405677,2004,post_box, ,2.242399,48.892113,"11,7"
580,1999941060,2907,camera_surveillance, ,2.242203,48.892467,"11,7"
581,1999941061,2907,camera_surveillance, ,2.242111,48.892332,"11,7"
1428,5843593669,2903,drinking_water, ,2.242107,48.89191,"11,7"
1603,6786287547,2906,waste_basket, ,2.242419,48.891976,"11,7"
1604,6786287548,2906,waste_basket, ,2.242337,48.892002,"11,7"
582,1999941068,2907,camera_surveillance, ,2.242129,48.892693,"11,8"
583,1999941083,2907,camera_surveillance, ,2.24195,48.892752,"11,8"
1524,6093201246,2906,waste_basket, ,2.241316,48.892889,"11,8"
499,1956560539,2907,camera_surveillance, ,2.241791,48.89367,"11,9"
500,1956560579,2907,camera_surveillance, ,2.24191,48.893628,"11,9"
696,2696739338,2561,hairdresser,Line André coiffure,2.242668,48.885894,"12,0"
912,2839240109,2511,convenience, ,2.243242,48.885936,"12,0"
913,2839266022,2301,restaurant,L'Imprévu,2.242794,48.885931,"12,0"
914,2839273308,2301,restaurant,Les Petites Fermes,2.243159,48.885889,"12,0"
915,2839284666,2568,laundry, ,2.243435,48.886024,"12,0"
1274,4366400213,2907,camera_surveillance, ,2.242916,48.885821,"12,0"
1307,4484412113,2906,waste_basket, ,2.242783,48.885756,"12,0"
1372,5506307730,2516,butcher,Boucherie République,2.242737,48.885916,"12,0"
1376,5516183061,2502,bakery,Les Fournils d'Antan,2.242691,48.885696,"12,0"
1399,5523444989,2529,beauty_shop,Institut Respire,2.242522,48.885525,"12,0"
1403,5525826004,2083,kindergarten,Crèche des Arcades,2.243509,48.886509,"12,1"
245,1729108301,2083,kindergarten,Crèche Les Chérubins,2.243878,48.895359,"12,11"
1508,6025117890,2907,camera_surveillance, ,2.243316,48.887489,"12,2"
1509,6025117891,2907,camera_surveillance, ,2.24332,48.887487,"12,2"
1510,6025117950,2906,waste_basket, ,2.243251,48.887957,"12,2"
1511,6025117953,2906,waste_basket, ,2.243047,48.887982,"12,2"
1512,6025133271,2031,recycling_glass, ,2.243393,48.887535,"12,2"
1513,6025133272,2906,waste_basket, ,2.243551,48.887997,"12,2"
1469,5998971660,2906,waste_basket, ,2.242689,48.888634,"12,3"
1470,5998971661,2906,waste_basket, ,2.242739,48.888704,"12,3"
1471,5998971662,2906,waste_basket, ,2.242639,48.888564,"12,3"
1473,5999671206,2725,artwork, ,2.24264,48.888853,"12,3"
925,2845831401,2601,bank,Société Générale,2.243425,48.889509,"12,4"
13,204128496,2301,restaurant,Globe Trotter,2.242646,48.890706,"12,5"
309,1880675035,2907,camera_surveillance, ,2.243201,48.890161,"12,5"
1782,8637706787,2301,restaurant,Eclipse,2.243405,48.890495,"12,5"
1805,8805204635,2301,restaurant,IT,2.243435,48.890053,"12,5"
1806,8805204644,2301,restaurant,Koedo,2.243251,48.890551,"12,5"
172,1506812708,2601,bank,Caisse d'épargne,2.242729,48.890975,"12,6"
573,1999940993,2907,camera_surveillance, ,2.243145,48.891649,"12,6"
574,1999940996,2907,camera_surveillance, ,2.243393,48.89166,"12,6"
575,1999941019,2907,camera_surveillance, ,2.243443,48.891589,"12,6"
1823,9067315217,2907,camera_surveillance, ,2.243016,48.891304,"12,6"
330,1921737508,2907,camera_surveillance, ,2.24366,48.892326,"12,7"
331,1921737546,2907,camera_surveillance, ,2.243205,48.892054,"12,7"
332,1921737555,2907,camera_surveillance, ,2.243192,48.892055,"12,7"
335,1921759163,2907,camera_surveillance, ,2.24296,48.892525,"12,7"
571,1999940991,2907,camera_surveillance, ,2.243554,48.891905,"12,7"
572,1999940992,2907,camera_surveillance, ,2.243417,48.891796,"12,7"
577,1999941050,2907,camera_surveillance, ,2.243364,48.891772,"12,7"
578,1999941058,2907,camera_surveillance, ,2.243051,48.891746,"12,7"
333,1921759066,2907,camera_surveillance, ,2.242912,48.893042,"12,8"
334,1921759143,2907,camera_surveillance, ,2.242781,48.892859,"12,8"
336,1921759170,2907,camera_surveillance, ,2.243135,48.893237,"12,8"
496,1956554613,2907,camera_surveillance, ,2.243398,48.893143,"12,8"
497,1956554616,2907,camera_surveillance, ,2.243208,48.893534,"12,8"
982,3086274035,2251,sports_centre,CMG Sports Club,2.242594,48.892752,"12,8"
148,1404732466,2004,post_box, ,2.24284,48.89368,"12,9"
1599,6782689214,2907,camera_surveillance, ,2.242831,48.893548,"12,9"
1600,6782689215,2906,waste_basket, ,2.243569,48.894365,"12,9"
922,2839476354,2301,restaurant,Resunga,2.2445,48.886453,"13,1"
923,2839476355,2301,restaurant,Monte Carlo,2.244913,48.886612,"13,1"
1401,5525134032,2121,dentist,Stéphane AHAROUNI,2.244778,48.88658,"13,1"
1402,5525134033,2120,doctors,Elise FERTOUT-AHAROUNI,2.244796,48.886575,"13,1"
1560,6637161896,2302,fast_food,Trattoria Piccino,2.244724,48.886541,"13,1"
224,1727954856,2004,post_box, ,2.244388,48.894897,"13,10"
314,1891346834,2907,camera_surveillance, ,2.243891,48.894877,"13,10"
1474,5999842967,2004,post_box, ,2.244143,48.889024,"13,3"
41,570045220,2903,drinking_water,Fontaine Wallace,2.244695,48.88993,"13,4"
42,570045220,2725,artwork,Fontaine Wallace,2.244695,48.88993,"13,4"
1420,5660252325,2302,fast_food,Exki,2.243987,48.889335,"13,4"
576,1999941039,2907,camera_surveillance, ,2.244009,48.891669,"13,6"
1552,6368335130,2301,restaurant,Dapprima,2.2444,48.891127,"13,6"
337,1921764839,2907,camera_surveillance, ,2.243965,48.89234,"13,7"
492,1956516712,2907,camera_surveillance, ,2.244303,48.8926,"13,7"
493,1956516725,2907,camera_surveillance, ,2.2443,48.892596,"13,7"
494,1956554607,2907,camera_surveillance, ,2.243975,48.892425,"13,7"
495,1956554610,2907,camera_surveillance, ,2.243984,48.892437,"13,7"
1601,6785537828,2906,waste_basket, ,2.24436,48.892229,"13,7"
1602,6785537829,2906,waste_basket, ,2.244385,48.892339,"13,7"
491,1956516692,2907,camera_surveillance, ,2.244834,48.892884,"13,8"
87,998633934,2907,camera_surveillance, ,2.244499,48.894177,"13,9"
118,1188300026,2902,bench, ,2.244414,48.894345,"13,9"
1377,5516298636,2502,bakery,Les Fromentiers,2.245514,48.886221,"14,0"
1378,5516298637,2561,hairdresser,Jean Louis David,2.245641,48.886156,"14,0"
1379,5516298638,2518,beverages,Nicolas,2.245731,48.886079,"14,0"
1380,5516298639,2511,convenience,Thiriet,2.245817,48.886009,"14,0"
1381,5516298640,2568,laundry,Séquoia,2.24588,48.885955,"14,0"
1382,5516298641,2501,supermarket,Carrefour City,2.245966,48.885854,"14,0"
1773,8387586106,2906,waste_basket, ,2.246105,48.886212,"14,0"
1774,8387743039,2701,tourist_info,PUTEAUX,2.245942,48.886289,"14,0"
1248,4364221659,2907,camera_surveillance, ,2.24605,48.886353,"14,1"
1249,4364221660,2907,camera_surveillance, ,2.246183,48.8864,"14,1"
1250,4364221661,2907,camera_surveillance, ,2.246389,48.88666,"14,1"
1251,4364221662,2907,camera_surveillance, ,2.24639,48.886662,"14,1"
81,998633863,2907,camera_surveillance, ,2.245534,48.894796,"14,10"
223,1727787833,2301,restaurant,Bovinelli,2.246081,48.896509,"14,12"
926,2886064361,2301,restaurant,Pizza San Marco,2.2453,48.896524,"14,12"
927,2886073684,2301,restaurant,So Thai,2.245819,48.896755,"14,12"
609,2041931477,2301,restaurant,La Safranée,2.246063,48.889593,"14,4"
1419,5659739777,2120,doctors,Beno?t Gaultier - Ostéopathe D.O.,2.245871,48.889639,"14,4"
169,1506812684,2301,restaurant,Au Jardin des Corolles,2.245291,48.890647,"14,5"
179,1506814072,2004,post_box, ,2.245302,48.890558,"14,5"
989,3102964284,2301,restaurant,Le Ballon d'Alsace,2.246492,48.890201,"14,5"
1605,6788158809,2907,camera_surveillance, ,2.24543,48.8907,"14,5"
1606,6788158812,2004,post_box, ,2.245383,48.890675,"14,5"
1608,6808297448,2906,waste_basket, ,2.246608,48.889974,"14,5"
1731,7941698576,2906,waste_basket, ,2.245362,48.892373,"14,7"
1732,7941698577,2563,car_rental,Autolib',2.245368,48.892324,"14,7"
289,1854959654,2907,camera_surveillance, ,2.245306,48.892783,"14,8"
679,2514837527,2301,restaurant,Piccolino,2.246492,48.893414,"14,8"
1230,4343154766,2301,restaurant, ,2.245843,48.893142,"14,8"
1231,4343154767,2512,clothes,Jann's,2.246015,48.893215,"14,8"
1232,4343154768,2301,restaurant,Alfred's Café,2.246267,48.893321,"14,8"
1233,4343154769,2302,fast_food,équi Eat,2.246361,48.893359,"14,8"
1120,3518928767,2518,beverages,La Caisse de Bières,2.246865,48.895147,"15,10"
236,1728952863,2512,clothes,Urban Mood,2.24805,48.896944,"15,12"
237,1728952869,2561,hairdresser,Saint Algue,2.24792,48.897105,"15,12"
238,1728952874,2529,beauty_shop,Le Cocon d'Edwige,2.248082,48.896904,"15,12"
983,3102734662,2302,fast_food,Pasta Bella,2.247469,48.888001,"15,2"
984,3102735136,2302,fast_food,Anka,2.247614,48.888031,"15,2"
985,3102735500,2302,fast_food,Pomme de Pain,2.247383,48.888029,"15,2"
1374,5510822653,2502,bakery,Panam,2.247091,48.887954,"15,2"
1814,8880798190,2301,restaurant,DS Café,2.246979,48.887869,"15,2"
607,2041913984,2301,restaurant,L'Italian Lounge,2.247316,48.888254,"15,3"
608,2041920256,2302,fast_food,Titanka,2.247914,48.888395,"15,3"
1371,5448645932,2303,cafe,Starbucks,2.247601,48.888461,"15,3"
606,2041908463,2305,bar,Le Nouveau Monde,2.248058,48.889333,"15,4"
672,2402805073,2602,atm, ,2.247006,48.889671,"15,4"
673,2402805074,2301,restaurant,Pause,2.247465,48.889313,"15,4"
674,2402805075,2501,supermarket,Franprix,2.246848,48.88964,"15,4"
675,2402805076,2101,pharmacy,Pharmacie Manhattan,2.247631,48.889387,"15,4"
676,2402805077,2301,restaurant,Le Tourbillon,2.247726,48.889674,"15,4"
677,2402805078,2301,restaurant,Baguettes Chinoises,2.247279,48.889362,"15,4"
907,2822802101,2527,newsagent, ,2.24776,48.889559,"15,4"
988,3102964283,2561,hairdresser,Franck Provost,2.247976,48.889509,"15,4"
991,3102964593,2083,kindergarten,Saperlipopette,2.246734,48.889498,"15,4"
990,3102964592,2725,artwork,La Terre,2.246976,48.89006,"15,5"
1609,6808297456,2725,artwork,Sculpture La Terre,2.247069,48.890167,"15,5"
1610,6808297462,2906,waste_basket, ,2.246759,48.890228,"15,5"
1611,6808297463,2906,waste_basket, ,2.246763,48.890234,"15,5"
308,1880664791,2907,camera_surveillance, ,2.246917,48.891024,"15,6"
1160,4096803678,2083,kindergarten,Plumes et Compagnies,2.247306,48.891552,"15,6"
1607,6803859602,2902,bench, ,2.246862,48.890991,"15,6"
1734,7942720459,2564,car_wash,Total Wash,2.247798,48.89127,"15,6"
1733,7942318435,2906,waste_basket, ,2.246799,48.892976,"15,8"
38,566742112,2511,convenience,GAM,2.247605,48.893876,"15,9"
46,593782263,2004,post_box, ,2.247068,48.893653,"15,9"
1102,3415658531,2301,restaurant,Le Tournesol,2.247891,48.894067,"15,9"
1103,3417875893,2543,doityourself,COPA,2.247671,48.893904,"15,9"
1104,3417875895,2302,fast_food,Dehliz,2.247171,48.893704,"15,9"
1105,3417875900,2302,fast_food,Alyssa,2.247427,48.893801,"15,9"
1106,3417875902,2302,fast_food,La Gourmandise,2.247794,48.893956,"15,9"
1234,4343154770,2542,bicycle_shop,Green Mobility,2.247958,48.894122,"15,9"
1790,8735787117,2561,hairdresser,M-Ka Coiffures,2.247717,48.893923,"15,9"
1083,3210710710,2101,pharmacy,Pharmacie Bellini,2.248819,48.88667,"16,1"
1518,6063270338,2906,waste_basket, ,2.249068,48.886653,"16,1"
1519,6063270357,2906,waste_basket, ,2.249264,48.886776,"16,1"
1520,6063270358,2701,tourist_info, ,2.249078,48.886827,"16,1"
288,1854101818,2907,camera_surveillance, ,2.248614,48.895265,"16,10"
1122,3542013043,2519,optician,Lissac,2.249332,48.89496,"16,10"
1361,5359624029,2529,beauty_shop,Bulle de Soins,2.24923,48.894932,"16,10"
35,507563233,2601,bank,Crédit Mutuel,2.249407,48.895472,"16,11"
64,922301751,2602,atm, ,2.24937,48.895463,"16,11"
69,922301883,2602,atm, ,2.249097,48.8957,"16,11"
149,1404732467,2501,supermarket,A2pas,2.249191,48.896074,"16,11"
150,1404732468,2601,bank,Caisse d'épargne,2.249337,48.895892,"16,11"
181,1514095204,2518,beverages,Nicolas,2.249022,48.896037,"16,11"
196,1517592829,2302,fast_food,Subway,2.248719,48.895808,"16,11"
197,1517592830,2601,bank,Crédit Agricole Courbevoie Charras,2.249028,48.895724,"16,11"
247,1729160221,2302,fast_food,McDonald's,2.248763,48.895977,"16,11"
248,1729160229,2512,clothes,Comptoir des Parisiennes,2.248685,48.896156,"16,11"
504,1958246299,2511,convenience,Naturalia,2.249283,48.89555,"16,11"
1140,3650968155,2301,restaurant,Sakura,2.248939,48.896097,"16,11"
1171,4193386890,2601,bank,Crédit Mutuel,2.249311,48.895433,"16,11"
1172,4193406690,2302,fast_food,The Place to B,2.248885,48.896165,"16,11"
1177,4193418789,2301,restaurant,Chez Lau,2.24862,48.896236,"16,11"
1178,4193418989,2519,optician,Art - Optic,2.248837,48.896223,"16,11"
1320,4550833191,2902,bench, ,2.248611,48.895349,"16,11"
1321,4550833192,2252,pitch, ,2.248485,48.895425,"16,11"
62,922301711,2004,post_box, ,2.248468,48.89674,"16,12"
239,1728954413,2305,bar,Teddy Beer,2.248144,48.896827,"16,12"
240,1728958913,2601,bank,BRED,2.248337,48.896815,"16,12"
241,1728958919,2544,furniture_shop,Mobalpa,2.248389,48.896784,"16,12"
242,1728965441,2561,hairdresser,Jean Louis David,2.248125,48.897079,"16,12"
243,1728965444,2513,florist,Monceau Fleurs,2.248544,48.896595,"16,12"
246,1729160208,2512,clothes,Katia,2.248451,48.896446,"16,12"
249,1729160235,2568,laundry,Milo-Pressing,2.248512,48.89637,"16,12"
250,1729160237,2519,optician,Alain Afflelou,2.248313,48.896617,"16,12"
1173,4193418389,2301,restaurant,Planet Sushi,2.248573,48.896547,"16,12"
1176,4193418589,2302,fast_food, ,2.248646,48.896461,"16,12"
986,3102735501,2301,restaurant,Story Place,2.248089,48.887951,"16,2"
987,3102735535,2301,restaurant,Andrea,2.248299,48.887972,"16,2"
1783,8640934932,2725,artwork,Banc public,2.249287,48.888295,"16,3"
76,959829279,2251,sports_centre,Gymnase des Renardières,2.248471,48.891287,"16,6"
1754,7959409718,2907,camera_surveillance, ,2.249435,48.890876,"16,6"
1236,4343154774,2529,beauty_shop,Matis,2.248248,48.893509,"16,8"
1452,5947849583,2301,restaurant,Sen Sushi,2.248142,48.893448,"16,8"
75,958758986,2568,laundry, ,2.248461,48.893606,"16,9"
619,2136438655,2301,restaurant,La Trattoria d'Angelo,2.248401,48.89358,"16,9"
680,2536777414,2302,fast_food,Tak'Eat,2.249027,48.893794,"16,9"
681,2536779049,2563,car_rental,Agence Sixt,2.248898,48.893749,"16,9"
1147,3871882409,2401,hotel,Adagio Aparthotel La Défense Kleber,2.248671,48.894326,"16,9"
1235,4343154772,2529,beauty_shop,L'Onglerie,2.24877,48.893733,"16,9"
1323,4762807873,2401,hotel,La Régence,2.248207,48.894283,"16,9"
1622,6869939313,2302,fast_food,Sweet T House,2.248101,48.89418,"16,9"
1813,8855215743,2511,convenience, ,2.25065,48.885489,"17,0"
70,922301887,2004,post_box, ,2.250298,48.895139,"17,10"
80,998633857,2907,camera_surveillance, ,2.249839,48.895227,"17,10"
162,1491925145,2724,memorial,Général de Gaulle,2.250367,48.895127,"17,10"
501,1958246215,2601,bank,LCL,2.249661,48.895263,"17,10"
126,1211058688,2301,restaurant,Le Madrissio,2.250021,48.895415,"17,11"
182,1514111312,2101,pharmacy,Pharmacie Centrale,2.249524,48.895371,"17,11"
195,1517592828,2302,fast_food,Chicken Best,2.249864,48.895503,"17,11"
502,1958246256,2561,hairdresser,Alain Pagès,2.249674,48.895638,"17,11"
503,1958246266,2519,optician,Krys,2.249592,48.895697,"17,11"
505,1958261348,2561,hairdresser,Franck Provost,2.250082,48.89546,"17,11"
506,1958261368,2516,butcher,La Ferme de Courbevoie,2.250347,48.89561,"17,11"
513,1958298281,2301,restaurant,Le Bienvenu,2.250656,48.89652,"17,12"
514,1958298283,2301,restaurant,Affinithé,2.250187,48.896976,"17,12"
515,1958298284,2302,fast_food,Pizza King,2.250277,48.896848,"17,12"
516,1958298285,2129,veterinary,Clinique Vétérinaire A. Ganivet,2.250135,48.89708,"17,12"
1107,3439427381,2701,tourist_info,Ipm,2.250836,48.896241,"17,12"
1516,6057722971,2906,waste_basket, ,2.250786,48.887755,"17,2"
1727,7939857367,2301,restaurant,Marco Marco,2.250765,48.887684,"17,2"
1730,7939857370,2302,fast_food,Paririe,2.250643,48.887722,"17,2"
1755,7960055865,2906,waste_basket, ,2.250344,48.889792,"17,4"
1756,7960153873,2907,camera_surveillance, ,2.250866,48.889785,"17,4"
1781,8608525017,2725,artwork,PA1112 gros orange sur les escaliers en bas de la tour Between les miroirs,2.250198,48.889665,"17,4"
1521,6084767476,2902,bench, ,2.24982,48.890081,"17,5"
1522,6084767477,2906,waste_basket, ,2.249804,48.890095,"17,5"
1523,6084767478,2902,bench, ,2.249787,48.890108,"17,5"
1305,4482977442,2904,fountain, ,2.250944,48.885706,"18,0"
115,1143043422,2101,pharmacy,Pharmacie Charras,2.251827,48.895047,"18,10"
186,1514201692,2304,pub,Garden Café,2.251,48.895285,"18,10"
74,958755455,2401,hotel,Mercure,2.25125,48.895797,"18,11"
116,1143043426,2601,bank,CIC Courbevoie Charras,2.251355,48.895462,"18,11"
164,1491946788,2601,bank,Société Générale,2.252012,48.895825,"18,11"
165,1491946789,2602,atm, ,2.251915,48.895825,"18,11"
166,1491946796,2602,atm, ,2.252065,48.895779,"18,11"
184,1514131753,2302,fast_food, ,2.251264,48.895415,"18,11"
284,1850629103,2561,hairdresser, ,2.251676,48.895342,"18,11"
507,1958292567,2907,camera_surveillance, ,2.25114,48.895676,"18,11"
508,1958292568,2907,camera_surveillance, ,2.251148,48.895686,"18,11"
509,1958292569,2301,restaurant,Le Bistrot de l'échanson,2.251475,48.895899,"18,11"
510,1958292570,2907,camera_surveillance, ,2.252273,48.896193,"18,11"
511,1958292573,2907,camera_surveillance, ,2.252269,48.896138,"18,11"
1130,3605486708,2301,restaurant,Valentino Pizzeria,2.252135,48.895924,"18,11"
1319,4539736390,2004,post_box, ,2.251264,48.895469,"18,11"
543,1977777257,2907,camera_surveillance, ,2.251682,48.896929,"18,12"
1517,6057722972,2906,waste_basket, ,2.250891,48.887895,"18,2"
1525,6105626426,2906,waste_basket, ,2.251033,48.888091,"18,2"
1713,7836695195,2907,camera_surveillance, ,2.251808,48.887689,"18,2"
1728,7939857368,2302,fast_food,Bio Burger,2.250978,48.887757,"18,2"
1729,7939857369,2303,cafe,Coutume,2.251017,48.887834,"18,2"
1166,4149719997,2906,waste_basket, ,2.251002,48.888279,"18,3"
1167,4149734895,2906,waste_basket, ,2.251589,48.888202,"18,3"
1744,7953683962,2906,waste_basket, ,2.251533,48.888485,"18,3"
1746,7954258658,2906,waste_basket, ,2.252135,48.888973,"18,3"
1747,7954258659,2906,waste_basket, ,2.252149,48.888831,"18,3"
1748,7954258660,2906,waste_basket, ,2.252052,48.888605,"18,3"
1745,7954026490,2906,waste_basket, ,2.252174,48.889661,"18,4"
1752,7954562644,2592,vending_parking, ,2.252078,48.889215,"18,4"
258,1749025616,2205,playground, ,2.252268,48.891122,"18,6"
306,1880621515,2907,camera_surveillance, ,2.251584,48.891671,"18,6"
307,1880621541,2907,camera_surveillance, ,2.251555,48.891636,"18,6"
285,1850629508,2561,hairdresser, ,2.252513,48.894722,"19,10"
163,1491946787,2602,atm, ,2.252521,48.896096,"19,11"
167,1491946799,2602,atm, ,2.252613,48.896061,"19,11"
168,1491946801,2601,bank,LCL,2.252602,48.896124,"19,11"
1127,3605486705,2544,furniture_shop,Dreami,2.252359,48.896046,"19,11"
1128,3605486706,2301,restaurant,Peninsula,2.252427,48.896094,"19,11"
1129,3605486707,2301,restaurant,Rastignac,2.252587,48.896185,"19,11"
512,1958292584,2301,restaurant,Le Timg?d,2.252905,48.896706,"19,12"
1121,3542013042,2544,furniture_shop,Gautier,2.252776,48.896284,"19,12"
1141,3658681025,2305,bar,Restaurant Le Timgad,2.252873,48.896709,"19,12"
1529,6308563466,2566,bicycle_rental,Place Charles de Gaulle,2.252431,48.896611,"19,12"
36,529914035,2401,hotel,Novotel Paris La Défense,2.252674,48.887909,"19,2"
1515,6057064798,2906,waste_basket, ,2.252716,48.887673,"19,2"
1553,6423468503,2401,hotel,H?tel ibis Paris La Défense Centre,2.252929,48.88802,"19,2"
1743,7951439227,2906,waste_basket, ,2.253106,48.888395,"19,3"
1757,7963683141,2906,waste_basket, ,2.252941,48.888198,"19,3"
1692,7487320853,2725,artwork, ,2.253361,48.889106,"19,4"
1741,7951232929,2906,waste_basket, ,2.252952,48.889237,"19,4"
1742,7951439214,2906,waste_basket, ,2.253549,48.889095,"19,4"
1749,7954258667,2593,vending_any, ,2.252503,48.889135,"19,4"
1750,7954260272,2906,waste_basket, ,2.253015,48.889297,"19,4"
1751,7954260273,2902,bench, ,2.253244,48.889182,"19,4"
1720,7930864209,2701,tourist_info, ,2.252835,48.890774,"19,5"
1721,7930864210,2701,tourist_info, ,2.252812,48.890781,"19,5"
1722,7930864211,2701,tourist_info, ,2.252823,48.890777,"19,5"
1723,7930864212,2701,tourist_info, ,2.252846,48.89077,"19,5"
1724,7930864213,2701,tourist_info, ,2.252801,48.890785,"19,5"
1725,7930864227,2906,waste_basket, ,2.253115,48.890655,"19,5"
1726,7930978434,2701,tourist_info, ,2.253293,48.890552,"19,5"
1735,7950487376,2902,bench, ,2.253171,48.890312,"19,5"
1736,7950487377,2902,bench, ,2.25294,48.890413,"19,5"
1737,7950487383,2902,bench, ,2.252509,48.890009,"19,5"
1738,7950487384,2906,waste_basket, ,2.252495,48.88999,"19,5"
1739,7950503085,2902,bench, ,2.252468,48.889987,"19,5"
1740,7950816597,2906,waste_basket, ,2.252926,48.889987,"19,5"
682,2590078541,2012,community_centre,Espace parents de la ville de Courbevoie,2.253148,48.891168,"19,6"
63,922301731,2602,atm, ,2.253403,48.891996,"19,7"
71,944621047,2101,pharmacy,Pharmacie Victor Hugo,2.253093,48.891883,"19,7"
86,998633910,2907,camera_surveillance, ,2.252634,48.891964,"19,7"
1334,5110604017,2301,restaurant, ,2.252385,48.892525,"19,7"
1761,8090926160,2907,camera_surveillance, ,2.253609,48.892269,"19,7"
398,1933419996,2301,restaurant,Le Gavroche,2.253486,48.892642,"19,8"
399,1933420069,2302,fast_food,O'MG,2.253423,48.892688,"19,8"
1174,4193418390,2301,restaurant,Ristorante Mamma Mia,2.253371,48.89275,"19,8"
1175,4193418391,2302,fast_food,Amaken,2.25331,48.892818,"19,8"
1179,4193428089,2301,restaurant,Vietnam Kitchen,2.253168,48.892963,"19,8"
1240,4346498739,2301,restaurant,Au Vent du Large,2.252705,48.893362,"19,8"
83,998633877,2907,camera_surveillance, ,2.252962,48.893922,"19,9"
286,1850629550,2501,supermarket,Carrefour Market,2.252663,48.894432,"19,9"
298,1868529457,2907,camera_surveillance, ,2.253239,48.893958,"19,9"
1514,6048338393,2001,police,Police nationale,2.252879,48.893902,"19,9"
1633,7098629352,2082,school,école des Bergères,2.229723,48.885543,"2,0"
611,2042255161,2902,bench, ,2.229173,48.887695,"2,2"
612,2042255278,2902,bench, ,2.229295,48.887632,"2,2"
613,2042255376,2902,bench, ,2.229209,48.887681,"2,2"
614,2042255472,2902,bench, ,2.229323,48.887611,"2,2"
615,2042255492,2205,playground, ,2.229228,48.887823,"2,2"
1210,4230211895,2902,bench, ,2.228544,48.888606,"2,3"
1182,4230197345,2902,bench, ,2.229485,48.889429,"2,4"
1183,4230197352,2902,bench, ,2.229541,48.889449,"2,4"
1187,4230197374,2902,bench, ,2.229392,48.88954,"2,4"
1191,4230210916,2701,tourist_info,Affichage Libre,2.229235,48.889159,"2,4"
1205,4230211653,2031,recycling_glass, ,2.229776,48.889826,"2,4"
1206,4230211657,2033,recycling_clothes, ,2.229797,48.88986,"2,4"
930,2958486855,2906,waste_basket, ,2.228791,48.890075,"2,5"
933,2958486863,2906,waste_basket, ,2.228965,48.890202,"2,5"
1192,4230210918,2701,tourist_info,Affichage Libre,2.228838,48.891111,"2,6"
1193,4230210919,2701,tourist_info,Affichage Libre,2.22881,48.891119,"2,6"
1211,4230212375,2031,recycling_glass, ,2.228601,48.891223,"2,6"
1214,4230212553,2906,waste_basket, ,2.228951,48.891726,"2,6"
1561,6696769281,2906,waste_basket, ,2.229129,48.89157,"2,6"
1670,7215966939,2906,waste_basket, ,2.228726,48.891607,"2,6"
1479,6009570768,2033,recycling_clothes, ,2.229817,48.892079,"2,7"
1480,6009570769,2033,recycling_clothes, ,2.229836,48.892086,"2,7"
121,1191784879,2004,post_box, ,2.2309,48.886313,"3,0"
122,1191787498,2527,newsagent,Le Totem,2.231129,48.886311,"3,0"
1632,7098629350,2401,hotel,Ibis Budget,2.230112,48.88587,"3,0"
1791,8736196831,2906,waste_basket, ,2.230518,48.885745,"3,0"
1792,8736196852,2902,bench, ,2.230692,48.885795,"3,0"
1793,8736196853,2902,bench, ,2.230772,48.885832,"3,0"
1794,8736196862,2902,bench, ,2.230605,48.885877,"3,0"
1795,8736196863,2906,waste_basket, ,2.230592,48.88586,"3,0"
120,1191784784,2031,recycling_glass, ,2.230612,48.886794,"3,1"
125,1192734836,2592,vending_parking, ,2.231087,48.886394,"3,1"
1708,7731671068,2304,pub,Les gentlemen,2.230341,48.894548,"3,10"
1709,7731676839,2301,restaurant,Bib & Guss,2.229983,48.894785,"3,10"
1821,8992205027,2907,camera_surveillance, ,2.231006,48.895983,"3,11"
1822,8992205028,2907,camera_surveillance, ,2.230866,48.895531,"3,11"
1135,3643120029,2004,post_box, ,2.230325,48.88726,"3,2"
1136,3643120038,2004,post_box, ,2.231081,48.888926,"3,3"
1337,5268212076,2561,hairdresser,Capelli Studio,2.23128,48.889036,"3,3"
938,3020202349,2568,laundry,Laverie,2.230722,48.889797,"3,4"
939,3020202350,2513,florist,O Fleurs d'à Coté,2.230688,48.889838,"3,4"
940,3020202355,2511,convenience,Fruit et Légume,2.230644,48.88989,"3,4"
1184,4230197357,2902,bench, ,2.230539,48.889474,"3,4"
1185,4230197360,2902,bench, ,2.230451,48.889484,"3,4"
1186,4230197363,2902,bench, ,2.23059,48.889499,"3,4"
1338,5268212077,2602,atm, ,2.231075,48.889286,"3,4"
1339,5268212078,2519,optician,Netoptic,2.230933,48.889457,"3,4"
1340,5268212079,2502,bakery,Boulangerie Gazon,2.230907,48.889496,"3,4"
1341,5268212080,2516,butcher,Boucherie Besnard,2.230844,48.889561,"3,4"
1342,5268212081,2568,laundry,Pressing,2.230825,48.889592,"3,4"
1343,5268212082,2302,fast_food,Le Joker,2.230788,48.889643,"3,4"
1392,5519379845,2301,restaurant,Aux Délices de Puteaux,2.231214,48.889141,"3,4"
941,3020202363,2906,waste_basket, ,2.231266,48.890201,"3,5"
1207,4230211670,2906,waste_basket, ,2.229906,48.890041,"3,5"
1810,8837132922,2252,pitch, ,2.230943,48.890411,"3,5"
942,3020561111,2902,bench, ,2.230219,48.891149,"3,6"
943,3020561112,2902,bench, ,2.230219,48.891188,"3,6"
944,3020561113,2902,bench, ,2.230216,48.89122,"3,6"
945,3020581336,2907,camera_surveillance, ,2.22992,48.891463,"3,6"
1590,6775207426,2902,bench, ,2.230803,48.891491,"3,6"
1591,6775207427,2902,bench, ,2.230917,48.891506,"3,6"
1592,6775207428,2902,bench, ,2.230716,48.89148,"3,6"
1593,6775207429,2902,bench, ,2.231008,48.891518,"3,6"
1673,7260518930,2902,bench, ,2.230318,48.89087,"3,6"
1481,6009570771,2907,camera_surveillance, ,2.230014,48.891938,"3,7"
283,1849331894,2907,camera_surveillance, ,2.230456,48.893055,"3,8"
1483,6009644597,2906,waste_basket, ,2.23128,48.893461,"3,8"
1488,6010133782,2906,waste_basket, ,2.230518,48.893028,"3,8"
1,165738645,2302,fast_food,Big Fernand,2.231193,48.894263,"3,9"
260,1768798758,2906,waste_basket, ,2.230621,48.894007,"3,9"
1486,6009644600,2906,waste_basket, ,2.230862,48.893805,"3,9"
1487,6009644601,2903,drinking_water, ,2.230833,48.893814,"3,9"
1710,7731678927,2304,pub,Mosai,2.230028,48.894079,"3,9"
124,1192733972,2501,supermarket,Franprix,2.231371,48.886288,"4,0"
1134,3643120028,2502,bakery, ,2.232576,48.886334,"4,0"
1137,3643120039,2903,drinking_water, ,2.232115,48.885788,"4,0"
910,2835840384,2301,restaurant,Sushi Time's,2.232433,48.886914,"4,1"
911,2836189283,2601,bank,Société Générale,2.231529,48.886449,"4,1"
1132,3643120026,2568,laundry,De Gaulle Pressing,2.231927,48.886636,"4,1"
1133,3643120027,2544,furniture_shop,MC Diffusion,2.232036,48.886731,"4,1"
610,2042255098,2205,playground, ,2.231708,48.888188,"4,3"
1075,3175440898,2301,restaurant,Sakura,2.232101,48.888611,"4,3"
1077,3175606036,2502,bakery, ,2.231838,48.888769,"4,3"
1078,3175606037,2301,restaurant,Al Siwan,2.231749,48.888845,"4,3"
1079,3175606038,2511,convenience,Alimentation Marcelin Berthelot,2.231371,48.888981,"4,3"
1080,3175606039,2101,pharmacy,Pharmacie des Bouvets,2.231538,48.889065,"4,4"
1081,3175606040,2529,beauty_shop,Naturel Beauty,2.231655,48.889144,"4,4"
53,827006779,2907,camera_surveillance, ,2.231628,48.891653,"4,6"
54,827014390,2907,camera_surveillance, ,2.231396,48.891732,"4,6"
1562,6697039570,2907,camera_surveillance, ,2.23163,48.891681,"4,6"
1563,6697039571,2907,camera_surveillance, ,2.232361,48.891599,"4,6"
0,154291007,2301,restaurant,Le Valmy (brasserie),2.231641,48.892293,"4,7"
551,1984211762,2907,camera_surveillance, ,2.232492,48.891793,"4,7"
1490,6010240589,2902,bench, ,2.232109,48.89243,"4,7"
1589,6775207415,2907,camera_surveillance, ,2.231376,48.891834,"4,7"
1357,5309090117,2902,bench, ,2.231936,48.893436,"4,8"
1358,5309090118,2902,bench, ,2.2319,48.893447,"4,8"
1359,5309090119,2902,bench, ,2.231863,48.893456,"4,8"
1360,5309090120,2902,bench, ,2.231837,48.893465,"4,8"
1482,6009644596,2903,drinking_water, ,2.231295,48.893456,"4,8"
1489,6010239980,2902,bench, ,2.231768,48.893156,"4,8"
1786,8644680439,2725,artwork,Scratching the surface,2.231847,48.893384,"4,8"
47,596743752,2724,memorial,Monuments aux morts pour la France,2.232531,48.893893,"4,9"
1484,6009644598,2906,waste_basket, ,2.231532,48.893593,"4,9"
1485,6009644599,2906,waste_basket, ,2.23155,48.893588,"4,9"
1076,3175598981,2511,convenience,AZMARKET,2.234022,48.886053,"5,0"
1131,3643120025,2032,recycling_paper, ,2.232964,48.886758,"5,1"
119,1191784498,2907,camera_surveillance, ,2.233138,48.887968,"5,2"
123,1192732961,2031,recycling_glass, ,2.233765,48.887641,"5,2"
1280,4367386009,2907,camera_surveillance, ,2.233139,48.887968,"5,2"
17,227420651,2083,kindergarten,Crèche des Jardins,2.233339,48.889612,"5,4"
550,1984211761,2907,camera_surveillance, ,2.233173,48.890921,"5,6"
552,1984216193,2907,camera_surveillance, ,2.233613,48.892594,"5,7"
553,1984216244,2907,camera_surveillance, ,2.234049,48.892227,"5,7"
554,1984216353,2907,camera_surveillance, ,2.233756,48.892333,"5,7"
1770,8383788634,2725,artwork, ,2.233893,48.892269,"5,7"
1784,8641700148,2725,artwork,La voiture sur le lampadaire,2.233982,48.892438,"5,7"
180,1506814102,2906,waste_basket, ,2.233785,48.893038,"5,8"
1785,8642547320,2725,artwork,Slinky,2.23351,48.893085,"5,8"
1414,5584052866,2083,kindergarten,Crèche Les 3 Ours,2.234401,48.886057,"6,0"
384,1930418861,2907,camera_surveillance, ,2.235246,48.894542,"6,10"
420,1935129035,2907,camera_surveillance, ,2.235391,48.894923,"6,10"
421,1935129067,2907,camera_surveillance, ,2.235206,48.894886,"6,10"
595,2002490982,2907,camera_surveillance, ,2.235385,48.894635,"6,10"
412,1933603404,2907,camera_surveillance, ,2.234791,48.896046,"6,11"
413,1933603418,2907,camera_surveillance, ,2.23491,48.895887,"6,11"
414,1933603432,2907,camera_surveillance, ,2.235058,48.895688,"6,11"
415,1933603444,2907,camera_surveillance, ,2.235249,48.89574,"6,11"
422,1935129095,2907,camera_surveillance, ,2.234737,48.895942,"6,11"
423,1935129121,2907,camera_surveillance, ,2.234799,48.895855,"6,11"
425,1935818468,2252,pitch, ,2.234667,48.895885,"6,11"
40,569952800,2502,bakery,La Joconde,2.234749,48.896365,"6,12"
560,1988202607,2561,hairdresser,Franck Provost,2.234695,48.896432,"6,12"
561,1988202627,2568,laundry,Laverie,2.234921,48.896509,"6,12"
562,1988202663,2568,laundry,5àsec,2.235024,48.89639,"6,12"
563,1988202693,2302,fast_food,Grill Dehliz,2.235278,48.896461,"6,12"
690,2696370579,2205,playground, ,2.235205,48.887369,"6,2"
548,1984203937,2907,camera_surveillance, ,2.235481,48.89072,"6,5"
549,1984211759,2907,camera_surveillance, ,2.234143,48.890593,"6,5"
1491,6015044810,2593,vending_any, ,2.235463,48.890701,"6,5"
1492,6015044811,2593,vending_any, ,2.235482,48.890702,"6,5"
1712,7768954429,2203,cinema,UGC Ciné Cité La Défense,2.23532,48.891095,"6,6"
382,1930418831,2907,camera_surveillance, ,2.23456,48.89242,"6,7"
1771,8383788635,2906,waste_basket, ,2.234514,48.892178,"6,7"
1772,8383788636,2906,waste_basket, ,2.234568,48.892059,"6,7"
381,1930418829,2907,camera_surveillance, ,2.235271,48.893242,"6,8"
1768,8299883212,2542,bicycle_shop,Atelier Cyclofix,2.234782,48.892724,"6,8"
689,2696362685,2004,post_box, ,2.236152,48.88586,"7,0"
383,1930418843,2907,camera_surveillance, ,2.235745,48.894459,"7,10"
385,1930418874,2907,camera_surveillance, ,2.235582,48.894447,"7,10"
388,1930418903,2907,camera_surveillance, ,2.235923,48.894981,"7,10"
389,1930418909,2907,camera_surveillance, ,2.236049,48.89472,"7,10"
419,1935129014,2907,camera_surveillance, ,2.236365,48.894968,"7,10"
592,2002490785,2907,camera_surveillance, ,2.236813,48.894517,"7,10"
593,2002490877,2907,camera_surveillance, ,2.236669,48.894627,"7,10"
594,2002490927,2907,camera_surveillance, ,2.236089,48.894683,"7,10"
301,1877495266,2907,camera_surveillance, ,2.23656,48.895498,"7,11"
302,1877495295,2907,camera_surveillance, ,2.236366,48.895593,"7,11"
410,1933603354,2907,camera_surveillance, ,2.235528,48.896204,"7,11"
411,1933603369,2907,camera_surveillance, ,2.235515,48.896202,"7,11"
416,1933603460,2907,camera_surveillance, ,2.236042,48.895919,"7,11"
417,1933603476,2907,camera_surveillance, ,2.236043,48.89592,"7,11"
418,1933603486,2907,camera_surveillance, ,2.23638,48.895967,"7,11"
1527,6293245082,2902,bench, ,2.236665,48.895849,"7,11"
1528,6293292090,2902,bench, ,2.236755,48.89588,"7,11"
29,431622746,2601,bank,CIC,2.236865,48.896892,"7,12"
132,1271510647,2907,camera_surveillance, ,2.23676,48.896671,"7,12"
133,1271510650,2907,camera_surveillance, ,2.236881,48.89645,"7,12"
280,1795167319,2101,pharmacy,Pharmacie Léonard de Vinci,2.236445,48.896785,"7,12"
404,1933603233,2907,camera_surveillance, ,2.236884,48.896451,"7,12"
405,1933603253,2907,camera_surveillance, ,2.236767,48.896674,"7,12"
406,1933603292,2907,camera_surveillance, ,2.236263,48.896436,"7,12"
407,1933603302,2907,camera_surveillance, ,2.23655,48.896489,"7,12"
408,1933603327,2907,camera_surveillance, ,2.236135,48.896373,"7,12"
409,1933603337,2907,camera_surveillance, ,2.236045,48.896345,"7,12"
558,1988182441,2907,camera_surveillance, ,2.236744,48.896381,"7,12"
1326,4888528008,2303,cafe,Le Vinci,2.235904,48.896635,"7,12"
1621,6838223023,2528,greengrocer,Les Jardins de Courbevoie,2.235506,48.896559,"7,12"
1638,7178203288,2906,waste_basket, ,2.23676,48.896601,"7,12"
1277,4367377240,2907,camera_surveillance, ,2.236646,48.887995,"7,2"
691,2696457283,2903,drinking_water, ,2.236143,48.888275,"7,3"
1278,4367380545,2907,camera_surveillance, ,2.235674,48.888602,"7,3"
1478,6007156148,2906,waste_basket, ,2.236602,48.888691,"7,3"
1506,6023046735,2906,waste_basket, ,2.236137,48.888314,"7,3"
1476,6007128694,2906,waste_basket, ,2.236669,48.889241,"7,4"
18,227450780,2301,restaurant,Boldère,2.23561,48.890728,"7,5"
546,1984203935,2907,camera_surveillance, ,2.235723,48.890829,"7,5"
547,1984203936,2907,camera_surveillance, ,2.235491,48.890605,"7,5"
1493,6015044812,2593,vending_any, ,2.235503,48.890703,"7,5"
1494,6015044813,2593,vending_any, ,2.235522,48.890704,"7,5"
1495,6015044814,2593,vending_any, ,2.235542,48.890705,"7,5"
1496,6015044815,2593,vending_any, ,2.235564,48.890706,"7,5"
1497,6015044816,2593,vending_any, ,2.235584,48.890707,"7,5"
140,1282766450,2903,drinking_water, ,2.236326,48.890997,"7,6"
544,1984203933,2907,camera_surveillance, ,2.236676,48.891192,"7,6"
545,1984203934,2907,camera_surveillance, ,2.236292,48.891338,"7,6"
1411,5546739657,2302,fast_food,Jour,2.236082,48.891686,"7,6"
1634,7113758076,2301,restaurant,Hanoi Cà Phê,2.23643,48.890877,"7,6"
1818,8894876817,2302,fast_food,Five Guys,2.236215,48.891571,"7,6"
7,181805216,2742,viewpoint,Grande Arche,2.235893,48.892555,"7,7"
826,2813296236,2906,waste_basket, ,2.236747,48.892063,"7,7"
827,2813296238,2906,waste_basket, ,2.236708,48.892074,"7,7"
828,2813296240,2902,bench, ,2.23674,48.892083,"7,7"
829,2813296242,2906,waste_basket, ,2.236596,48.892116,"7,7"
830,2813296243,2902,bench, ,2.236619,48.89212,"7,7"
831,2813296245,2701,tourist_info, ,2.236788,48.892141,"7,7"
832,2813296247,2701,tourist_info, ,2.236681,48.892196,"7,7"
833,2813296251,2906,waste_basket, ,2.236847,48.892233,"7,7"
837,2813296266,2906,waste_basket, ,2.236876,48.892418,"7,7"
838,2813296267,2502,bakery,Bonne Journée,2.236772,48.892212,"7,7"
840,2813296270,2906,waste_basket, ,2.236844,48.892432,"7,7"
841,2813296271,2593,vending_any, ,2.236875,48.892447,"7,7"
1865,9306528318,2084,college,Digital College Paris La Défense,2.236711,48.892636,"7,7"
380,1930418804,2907,camera_surveillance, ,2.236067,48.893247,"7,8"
1863,9306483726,2084,college,Exchange College,2.235748,48.892993,"7,8"
1864,9306526121,2084,college,"Ascencia Business School La Défense, Grande Arche",2.235602,48.893034,"7,8"
1866,9306533980,2084,college,école Conte,2.236202,48.892926,"7,8"
386,1930418882,2907,camera_surveillance, ,2.23581,48.894141,"7,9"
387,1930418885,2907,camera_surveillance, ,2.235648,48.894324,"7,9"
555,1984263936,2907,camera_surveillance, ,2.235992,48.893618,"7,9"
596,2002491146,2907,camera_surveillance, ,2.235957,48.894262,"7,9"
597,2002491291,2907,camera_surveillance, ,2.235938,48.894185,"7,9"
598,2002491576,2907,camera_surveillance, ,2.236169,48.894138,"7,9"
599,2002491683,2907,camera_surveillance, ,2.23618,48.894137,"7,9"
600,2002491790,2907,camera_surveillance, ,2.236293,48.894118,"7,9"
601,2002491892,2907,camera_surveillance, ,2.236352,48.894126,"7,9"
602,2002491934,2907,camera_surveillance, ,2.236438,48.894163,"7,9"
603,2002491937,2907,camera_surveillance, ,2.236805,48.894339,"7,9"
604,2002491941,2907,camera_surveillance, ,2.23675,48.89424,"7,9"
1691,7437390233,2725,artwork,Slat,2.23557,48.893696,"7,9"
141,1296639389,2725,artwork,Ikaria,2.237,48.895296,"8,10"
142,1296639523,2725,artwork,Colosse,2.237843,48.894938,"8,10"
424,1935818441,2907,camera_surveillance, ,2.236995,48.895044,"8,10"
591,2002490502,2907,camera_surveillance, ,2.23722,48.894532,"8,10"
605,2002491987,2907,camera_surveillance, ,2.237052,48.894516,"8,10"
1635,7178203285,2906,waste_basket, ,2.237668,48.894665,"8,10"
1636,7178203286,2906,waste_basket, ,2.237814,48.89484,"8,10"
1766,8284069767,2701,tourist_info, ,2.23777,48.894922,"8,10"
1847,9137670484,2701,tourist_info, ,2.238145,48.894704,"8,10"
134,1271510655,2907,camera_surveillance, ,2.237109,48.89613,"8,11"
135,1271510657,2907,camera_surveillance, ,2.237204,48.896163,"8,11"
359,1925180657,2907,camera_surveillance, ,2.238198,48.896119,"8,11"
362,1925222790,2907,camera_surveillance, ,2.237557,48.895949,"8,11"
363,1925222791,2907,camera_surveillance, ,2.237613,48.895989,"8,11"
364,1925222792,2907,camera_surveillance, ,2.237501,48.895987,"8,11"
365,1925222793,2907,camera_surveillance, ,2.237935,48.896012,"8,11"
366,1925222794,2907,camera_surveillance, ,2.23791,48.896018,"8,11"
367,1925222795,2907,camera_surveillance, ,2.237909,48.895673,"8,11"
368,1925222796,2907,camera_surveillance, ,2.237745,48.896204,"8,11"
400,1933603229,2907,camera_surveillance, ,2.237537,48.8958,"8,11"
401,1933603230,2907,camera_surveillance, ,2.237114,48.89613,"8,11"
402,1933603231,2907,camera_surveillance, ,2.237207,48.896164,"8,11"
556,1988182438,2907,camera_surveillance, ,2.237129,48.896022,"8,11"
557,1988182440,2907,camera_surveillance, ,2.237072,48.895932,"8,11"
1637,7178203287,2906,waste_basket, ,2.237183,48.895978,"8,11"
1763,8284060812,2701,tourist_info, ,2.237262,48.895914,"8,11"
1848,9137670487,2906,waste_basket, ,2.238084,48.895777,"8,11"
1851,9137670490,2906,waste_basket, ,2.238122,48.896026,"8,11"
16,205462084,2301,restaurant,Soleil d'Or,2.237225,48.896423,"8,12"
28,431622744,2004,post_box, ,2.236915,48.896625,"8,12"
30,431622747,2601,bank,LCL,2.237682,48.896776,"8,12"
31,431622748,2601,bank,Société Générale,2.237521,48.897059,"8,12"
77,960092604,2303,cafe,Starbucks,2.237927,48.896699,"8,12"
131,1271510636,2907,camera_surveillance, ,2.236951,48.896471,"8,12"
360,1925180682,2907,camera_surveillance, ,2.23823,48.896503,"8,12"
361,1925180689,2907,camera_surveillance, ,2.238244,48.896663,"8,12"
403,1933603232,2907,camera_surveillance, ,2.236947,48.89647,"8,12"
559,1988182443,2519,optician,Optique de l'Arche,2.237102,48.896485,"8,12"
565,1988202697,2561,hairdresser,Jean-Claude Biguine,2.237205,48.896972,"8,12"
586,2001235418,2907,camera_surveillance, ,2.238238,48.896392,"8,12"
1118,3508363285,2030,recycling, ,2.237851,48.896961,"8,12"
1327,4897522468,2602,atm, ,2.237697,48.896808,"8,12"
1526,6293212540,2121,dentist,SEL Dentaire du Faubourg de l'Arche,2.236979,48.896582,"8,12"
1639,7178203289,2906,waste_basket, ,2.237557,48.896867,"8,12"
1644,7178204685,2906,waste_basket, ,2.237542,48.896916,"8,12"
1764,8284069727,2121,dentist,Fonteneau,2.237915,48.896523,"8,12"
1765,8284069733,2121,dentist,Thibous,2.237913,48.896545,"8,12"
1817,8889978174,2005,post_office,Relais Poste,2.23725,48.896651,"8,12"
143,1325227101,2082,school,école maternelle Défense 2000,2.237026,48.887318,"8,2"
692,2696457284,2004,post_box, ,2.236965,48.887757,"8,2"
693,2696478062,2031,recycling_glass, ,2.237404,48.887551,"8,2"
1503,6021850842,2906,waste_basket, ,2.238261,48.888001,"8,2"
1126,3585251693,2529,beauty_shop,Yves Rocher,2.238003,48.890825,"8,5"
1477,6007129730,2906,waste_basket, ,2.237892,48.889945,"8,5"
50,820938903,2302,fast_food,McDonald's,2.237067,48.891317,"8,6"
51,820938929,2301,restaurant,Pizza Del Arte,2.237223,48.891411,"8,6"
377,1930418772,2907,camera_surveillance, ,2.237685,48.891638,"8,6"
378,1930418779,2907,camera_surveillance, ,2.237224,48.891689,"8,6"
379,1930418785,2907,camera_surveillance, ,2.237218,48.891685,"8,6"
1451,5936552217,2906,waste_basket, ,2.23816,48.891018,"8,6"
375,1930418729,2907,camera_surveillance, ,2.238165,48.892342,"8,7"
376,1930418752,2907,camera_surveillance, ,2.238097,48.892214,"8,7"
834,2813296256,2906,waste_basket, ,2.236924,48.89232,"8,7"
835,2813296257,2906,waste_basket, ,2.236909,48.892325,"8,7"
836,2813296262,2701,tourist_info, ,2.236977,48.892408,"8,7"
839,2813296269,2902,bench, ,2.237001,48.89243,"8,7"
842,2813296273,2902,bench, ,2.236891,48.892463,"8,7"
843,2813296274,2593,vending_any, ,2.237032,48.892482,"8,7"
844,2813296275,2906,waste_basket, ,2.237044,48.892492,"8,7"
845,2813296276,2701,tourist_info, ,2.236915,48.892497,"8,7"
846,2813296277,2902,bench, ,2.237054,48.892512,"8,7"
847,2813296278,2906,waste_basket, ,2.236949,48.892513,"8,7"
848,2813296279,2906,waste_basket, ,2.236917,48.892524,"8,7"
849,2813296280,2701,tourist_info, ,2.237078,48.892538,"8,7"
850,2813296281,2906,waste_basket, ,2.237024,48.89255,"8,7"
851,2813296282,2902,bench, ,2.236958,48.89255,"8,7"
852,2813296283,2527,newsagent,Relay,2.237034,48.892558,"8,7"
853,2813296285,2527,newsagent,Relay,2.236987,48.892585,"8,7"
854,2813296287,2502,bakery,Bonne Journée,2.237115,48.892591,"8,7"
855,2813296288,2906,waste_basket, ,2.237139,48.892595,"8,7"
856,2813296292,2906,waste_basket, ,2.237118,48.892603,"8,7"
857,2813296293,2906,waste_basket, ,2.237029,48.892613,"8,7"
858,2813296297,2906,waste_basket, ,2.236995,48.892626,"8,7"
1331,4988195231,2527,newsagent, ,2.237201,48.891899,"8,7"
1453,5994166980,2907,camera_surveillance, ,2.237323,48.892175,"8,7"
1454,5994166981,2907,camera_surveillance, ,2.237326,48.892169,"8,7"
1456,5994212203,2906,waste_basket, ,2.237157,48.892337,"8,7"
1457,5994212208,2602,atm, ,2.237713,48.89217,"8,7"
859,2813297708,2906,waste_basket, ,2.237287,48.89274,"8,8"
860,2813297709,2906,waste_basket, ,2.237137,48.892751,"8,8"
861,2813297710,2593,vending_any, ,2.237316,48.892763,"8,8"
862,2813297715,2906,waste_basket, ,2.237319,48.892783,"8,8"
863,2813297717,2902,bench, ,2.237334,48.892795,"8,8"
864,2813297720,2701,tourist_info, ,2.237349,48.892807,"8,8"
865,2813297721,2701,tourist_info, ,2.237357,48.892813,"8,8"
866,2813297722,2906,waste_basket, ,2.237224,48.892821,"8,8"
867,2813297723,2593,vending_any, ,2.237389,48.892825,"8,8"
868,2813297724,2593,vending_any, ,2.237236,48.892809,"8,8"
869,2813297725,2902,bench, ,2.2374,48.892836,"8,8"
870,2813297726,2902,bench, ,2.237252,48.892844,"8,8"
871,2813297728,2701,tourist_info, ,2.237263,48.892853,"8,8"
872,2813297729,2701,tourist_info, ,2.237271,48.89286,"8,8"
873,2813297730,2593,vending_any, ,2.23742,48.892855,"8,8"
874,2813297733,2902,bench, ,2.237314,48.892877,"8,8"
875,2813297736,2906,waste_basket, ,2.237452,48.892883,"8,8"
876,2813297738,2593,vending_any, ,2.237333,48.892892,"8,8"
877,2813297743,2906,waste_basket, ,2.237383,48.892951,"8,8"
878,2813297747,2906,waste_basket, ,2.237656,48.893031,"8,8"
879,2813297750,2527,newsagent,Relay,2.237642,48.89304,"8,8"
880,2813297752,2906,waste_basket, ,2.237628,48.893051,"8,8"
881,2813297753,2701,tourist_info, ,2.237659,48.893052,"8,8"
882,2813297755,2902,bench, ,2.237661,48.893062,"8,8"
883,2813297757,2906,waste_basket, ,2.237564,48.893068,"8,8"
884,2813297763,2906,waste_basket, ,2.237541,48.893084,"8,8"
885,2813297764,2502,bakery,Bonne Journée,2.237561,48.893084,"8,8"
886,2813297766,2593,vending_any, ,2.2377,48.893094,"8,8"
887,2813297767,2902,bench, ,2.237587,48.893104,"8,8"
888,2813297768,2593,vending_any, ,2.237628,48.893137,"8,8"
889,2813297769,2701,tourist_info, ,2.237643,48.893157,"8,8"
890,2813297771,2906,waste_basket, ,2.237888,48.893229,"8,8"
891,2813297772,2906,waste_basket, ,2.237857,48.893245,"8,8"
892,2813297773,2527,newsagent,Relay,2.237825,48.893254,"8,8"
893,2813297776,2906,waste_basket, ,2.237822,48.893316,"8,8"
894,2813297777,2902,bench, ,2.237984,48.893334,"8,8"
895,2813297778,2701,tourist_info, ,2.238003,48.89335,"8,8"
896,2813297780,2902,bench, ,2.23793,48.893395,"8,8"
897,2813297781,2701,tourist_info, ,2.237947,48.893406,"8,8"
898,2813297785,2906,waste_basket, ,2.238114,48.893432,"8,8"
899,2813297787,2906,waste_basket, ,2.238099,48.893443,"8,8"
1455,5994212194,2593,vending_any,RATP,2.237821,48.892953,"8,8"
1840,9137670474,2906,waste_basket, ,2.237294,48.893142,"8,8"
315,1891366466,2907,camera_surveillance, ,2.238282,48.893565,"8,9"
588,2002489716,2907,camera_surveillance, ,2.237245,48.89425,"8,9"
589,2002489894,2907,camera_surveillance, ,2.237646,48.89432,"8,9"
590,2002490257,2907,camera_surveillance, ,2.237206,48.894428,"8,9"
900,2813297799,2906,waste_basket, ,2.238123,48.893539,"8,9"
901,2813297800,2906,waste_basket, ,2.2381,48.893553,"8,9"
904,2813297917,2902,bench, ,2.238231,48.893644,"8,9"
905,2813297919,2906,waste_basket, ,2.23822,48.893652,"8,9"
1831,9136877173,2906,waste_basket, ,2.238041,48.894418,"8,9"
1843,9137670480,2906,waste_basket, ,2.238227,48.894003,"8,9"
1845,9137670482,2906,waste_basket, ,2.237841,48.89436,"8,9"
11,203123010,2301,restaurant,Avant Seine,2.238754,48.894889,"9,10"
348,1923568284,2907,camera_surveillance, ,2.23939,48.895019,"9,10"
349,1923568285,2907,camera_surveillance, ,2.238702,48.895224,"9,10"
350,1923568286,2907,camera_surveillance, ,2.238708,48.895221,"9,10"
351,1924155122,2907,camera_surveillance, ,2.238363,48.894903,"9,10"
352,1924155127,2907,camera_surveillance, ,2.238357,48.894905,"9,10"
353,1924155133,2907,camera_surveillance, ,2.238452,48.894979,"9,10"
354,1924155141,2907,camera_surveillance, ,2.238446,48.894982,"9,10"
355,1924155153,2907,camera_surveillance, ,2.238544,48.89506,"9,10"
356,1924155156,2907,camera_surveillance, ,2.238539,48.895063,"9,10"
316,1891366478,2907,camera_surveillance, ,2.238987,48.895472,"9,11"
318,1906679378,2907,camera_surveillance, ,2.23905,48.895543,"9,11"
344,1923568280,2907,camera_surveillance, ,2.239372,48.896054,"9,11"
345,1923568281,2907,camera_surveillance, ,2.239364,48.896065,"9,11"
346,1923568282,2907,camera_surveillance, ,2.239158,48.895546,"9,11"
347,1923568283,2907,camera_surveillance, ,2.239299,48.895402,"9,11"
357,1924155914,2907,camera_surveillance, ,2.239058,48.89588,"9,11"
395,1932117249,2907,camera_surveillance, ,2.239267,48.896181,"9,11"
585,2001233184,2907,camera_surveillance, ,2.238792,48.896226,"9,11"
281,1835838252,2907,camera_surveillance, ,2.239633,48.896952,"9,12"
369,1925222797,2907,camera_surveillance, ,2.23839,48.89675,"9,12"
394,1932117236,2907,camera_surveillance, ,2.239567,48.89633,"9,12"
396,1932117268,2907,camera_surveillance, ,2.239404,48.896313,"9,12"
584,2001231961,2907,camera_surveillance, ,2.239174,48.896526,"9,12"
587,2001239239,2907,camera_surveillance, ,2.238742,48.897095,"9,12"
1362,5426360158,2902,bench, ,2.239659,48.896709,"9,12"
1363,5426360159,2902,bench, ,2.239531,48.896869,"9,12"
1366,5442645353,2902,bench, ,2.239005,48.896369,"9,12"
1640,7178203290,2906,waste_basket, ,2.238319,48.896966,"9,12"
1641,7178203291,2902,bench, ,2.238383,48.897011,"9,12"
1642,7178203292,2902,bench, ,2.238366,48.897094,"9,12"
1645,7178204686,2906,waste_basket, ,2.23833,48.896866,"9,12"
1646,7178204687,2906,waste_basket, ,2.238448,48.897042,"9,12"
1830,9136877167,2902,bench, ,2.239432,48.896971,"9,12"
1504,6021850843,2906,waste_basket, ,2.238458,48.888024,"9,2"
1505,6022967503,2906,waste_basket, ,2.238682,48.887822,"9,2"
1332,5013368662,2301,restaurant,Porto,2.23897,48.888445,"9,3"
1421,5705436105,2725,artwork,Les Cheminées,2.238731,48.888977,"9,3"
1422,5705436106,2725,artwork,Les Cheminées,2.238837,48.888937,"9,3"
1498,6021649967,2906,waste_basket, ,2.239338,48.888229,"9,3"
1499,6021649968,2906,waste_basket, ,2.23933,48.888218,"9,3"
1500,6021649969,2906,waste_basket, ,2.23884,48.888407,"9,3"
1501,6021649970,2906,waste_basket, ,2.238815,48.888442,"9,3"
1502,6021759234,2592,vending_parking, ,2.239205,48.888833,"9,3"
1507,6023047522,2906,waste_basket, ,2.239491,48.888202,"9,3"
1150,4006468495,2701,tourist_info, ,2.239005,48.890384,"9,5"
1450,5936552216,2906,waste_basket, ,2.238298,48.890973,"9,6"
1461,5996489042,2701,tourist_info, ,2.239283,48.891319,"9,6"
1462,5996489043,2906,waste_basket, ,2.239643,48.891721,"9,6"
144,1354936704,2501,supermarket,Monoprix,2.238837,48.892457,"9,7"
145,1354936721,2519,optician,Optic 2000,2.238936,48.892527,"9,7"
373,1930418707,2907,camera_surveillance, ,2.238788,48.892139,"9,7"
374,1930418726,2907,camera_surveillance, ,2.238519,48.892225,"9,7"
474,1952414686,2907,camera_surveillance, ,2.239099,48.892363,"9,7"
475,1952414693,2907,camera_surveillance, ,2.239033,48.892428,"9,7"
476,1952414710,2907,camera_surveillance, ,2.239395,48.892311,"9,7"
480,1955771721,2907,camera_surveillance, ,2.23913,48.892415,"9,7"
1435,5934175867,2906,waste_basket, ,2.238987,48.892336,"9,7"
1436,5934175868,2906,waste_basket, ,2.239225,48.892564,"9,7"
1437,5934175869,2906,waste_basket, ,2.239406,48.89251,"9,7"
1444,5934176802,2906,waste_basket, ,2.239313,48.89216,"9,7"
1445,5934176803,2906,waste_basket, ,2.23918,48.892202,"9,7"
1446,5934176804,2906,waste_basket, ,2.23901,48.892255,"9,7"
1447,5934176805,2906,waste_basket, ,2.238885,48.892295,"9,7"
1448,5934532023,2906,waste_basket, ,2.239126,48.892402,"9,7"
1449,5936341564,2725,artwork, ,2.239125,48.892268,"9,7"
1458,5994920605,2725,artwork,cnit,2.239468,48.891867,"9,7"
1877,9364003568,2301,restaurant,Yùki Ono,2.239456,48.892563,"9,7"
52,821915330,2401,hotel,Hilton Paris La Defense,2.238288,48.892843,"9,8"
466,1952414647,2907,camera_surveillance, ,2.238297,48.893119,"9,8"
467,1952414670,2907,camera_surveillance, ,2.238302,48.89312,"9,8"
468,1952414680,2907,camera_surveillance, ,2.238296,48.893117,"9,8"
469,1952414681,2907,camera_surveillance, ,2.23832,48.892918,"9,8"
470,1952414682,2907,camera_surveillance, ,2.238881,48.893327,"9,8"
471,1952414683,2907,camera_surveillance, ,2.239092,48.893091,"9,8"
472,1952414684,2907,camera_surveillance, ,2.238737,48.892871,"9,8"
473,1952414685,2907,camera_surveillance, ,2.238505,48.892719,"9,8"
477,1952414715,2907,camera_surveillance, ,2.239289,48.892936,"9,8"
478,1952414716,2907,camera_surveillance, ,2.239397,48.893161,"9,8"
479,1955771578,2301,restaurant,Flo Prestige,2.238571,48.892842,"9,8"
486,1955771816,2907,camera_surveillance, ,2.239647,48.89268,"9,8"
487,1955771868,2907,camera_surveillance, ,2.239449,48.8927,"9,8"
488,1955771881,2907,camera_surveillance, ,2.239611,48.89345,"9,8"
1317,4514556390,2082,school,ESSEC,2.239002,48.892916,"9,8"
1438,5934175870,2906,waste_basket, ,2.239526,48.89264,"9,8"
1439,5934175871,2906,waste_basket, ,2.239634,48.892773,"9,8"
1440,5934175872,2906,waste_basket, ,2.239617,48.892868,"9,8"
1441,5934175873,2906,waste_basket, ,2.239577,48.892937,"9,8"
1442,5934175874,2906,waste_basket, ,2.239502,48.892873,"9,8"
1443,5934175875,2906,waste_basket, ,2.239376,48.892801,"9,8"
370,1930350789,2907,camera_surveillance, ,2.239444,48.894054,"9,9"
490,1955807648,2907,camera_surveillance, ,2.238846,48.893876,"9,9"
902,2813297908,2902,bench, ,2.238293,48.893604,"9,9"
903,2813297910,2906,waste_basket, ,2.238307,48.89361,"9,9"
1767,8284069768,2701,tourist_info, ,2.238574,48.893903,"9,9"
1833,9136877177,2906,waste_basket, ,2.238375,48.894092,"9,9"
1842,9137670477,2906,waste_basket, ,2.238422,48.893823,"9,9"
